id,brand,car_model,desc,problem,datetime,status,type_year,type_engine,type_transmission,type_other
484429,一汽-大众,速腾,一汽大众速腾4S店收取上牌费用却未上牌,"K307,",2020-06-15,厂家受理,2015,1.6L,自动,  舒适型
484427,一汽奔腾,奔腾B50,一汽奔腾B50空调系统故障厂家未回复,"H101,I294,",2020-06-15,信息审核,2016,1.6L,手动, 豪华型
484424,一汽马自达,阿特兹,一汽马自达阿特兹行驶中车内中控台异响,"H164,H93,",2020-06-15,信息审核,2020,2.0L,, 蓝天豪华版
484422,吉利汽车,博越,吉利博越厂家减配挡位指示灯前雾灯,"N317,Q350,",2020-06-15,厂家受理,2020,1.8TD,, DCT 智领PRO
484419,一汽丰田,卡罗拉,一汽丰田卡罗拉发动机排气管支架断裂,"H168,",2020-06-15,信息审核,2017,1.2T,, CVT GL
484417,一汽丰田,卡罗拉,一汽丰田卡罗拉行驶中车内异响严重,"H164,N317,",2020-06-15,信息审核,2018,1.2T,, S-CVT GL-i智辉版
484416,东风日产,劲客,东风日产劲客优科豪马轮胎鼓包起皮,"F186,",2020-06-15,信息审核,2017,1.5L,, CVT 智行版
484414,广汽本田,雅阁,广汽本田雅阁动力电池冷却系统失效,"H345,",2020-06-15,信息审核,2018,2.0L,, 锐领版 锐·混动 国VI
484413,长安汽车,长安CS75 PLUS,长安CS75 PLUS机油无故缺失4S店不解决,"A12,",2020-06-15,信息审核,2020,1.5T,自动, 豪华型
484408,东风标致,标致408,东风标致408发动机故障灯亮抖动熄火,"A24,A34,A14,",2020-06-15,信息审核,2016,1.6T,自动, 豪华版
484407,东风雪铁龙,C4世嘉,东风雪铁龙C4世嘉方向盘会左右晃动,"D80,D337,",2020-06-15,信息审核,2016,1.6L,自动, 舒适型
484405,上汽斯柯达,昊锐,斯柯达昊锐车内异味刺鼻影响身体健康,"H185,",2020-06-15,信息审核,2010,1.4TSI,, DSG 智雅版
484404,上汽集团,荣威RX8,上汽荣威RX8发动机大修后异响厂家不处理,"A9,A38,I295,I294,J300,J299,",2020-06-15,信息审核,2018,30T,, 两驱 智联网 旗舰版 7座
484403,吉利汽车,远景X6,吉利远景X6转向时底盘有异响希望厂家处理,"D59,G56,",2020-06-15,处理反馈,2018,1.4T,, CVT 4G互联旗舰型
484401,吉利汽车,星越,吉利星越车机卡顿与宣传不符 多项功能缺失,"H155,M279,",2020-06-15,处理反馈,2019,350T,, 驭星者
484399,一汽马自达,阿特兹,一汽马自达阿特兹AB柱异响 天窗及中控异响,"H93,H15,H89,",2020-06-15,信息审核,2020,2.5L,, 蓝天尊崇版
484398,东风标致,标致508,东风标致508发动机涡轮增压电磁阀故障,"A189,",2020-06-15,信息审核,2015,1.6THP,自动, 致臻版
484395,东风日产,天籁,东风日产天籁低频共振噪音大影响使用,"H268,",2020-06-15,信息审核,2019,2.0L,, XL 舒适版
484392,一汽马自达,马自达CX-4,一汽马自达CX-4车身后备箱异响 天窗异响,"H15,H89,",2020-06-15,信息审核,2020,2.0L,自动, 两驱 蓝天活力版
484389,东风标致,标致4008,东风标致4008发动机抖动 噪音大,"A24,A38,",2020-06-15,信息审核,2019,,, 改款 360THP 尝先版
484388,一汽大众,捷达VS5,捷达VS5发动机漏水排气管生锈4S店不处理,"A37,H79,H48,I295,",2020-06-15,信息审核,2019,280TSI,自动, 悦享型
484385,吉利汽车,星越,吉利星越配置减配和车机系统虚假宣传,"M279,Q350,",2020-06-15,处理反馈,2020,350T,, 驭星者AWD
484384,华晨鑫源,海狮X30L,金杯海狮X30L后桥整体断裂4S店不予保修,"G230,I297,",2020-06-15,信息审核,2019,1.5L,, 财富版 国VI SWC15M
484383,上汽集团,名爵6,上汽名爵6挂挡起步顿挫颤抖升级ECM未解决,"B19,B95,",2020-06-15,厂家受理,2017,20T,手动, 豪华智联版 国V
484381,几何汽车,几何A,几何A车机卡顿 GPS信号差导致定位慢,"H134,H21,H155,L313,",2020-06-15,信息审核,2019,,, 高维标准续航幂方版
484380,几何汽车,几何A,几何A车机系统卡顿中控台异响 车内异响,"H164,H93,H155,L313,",2020-06-15,信息审核,2019,,, 高维标准续航幂方版
484378,几何汽车,几何A,几何A车机OTA虚假宣传 导航定位慢,"H164,H21,H155,M279,",2020-06-15,信息审核,2019,,, 高维标准续航幂方版
484375,吉利汽车,缤瑞,吉利宾瑞雨刮器异响4S店拒绝索赔,"H60,",2020-06-15,处理反馈,2018,14T,, CVT 缤致版
484374,一汽-大众,高尔夫·嘉旅,一汽大众高尔夫嘉旅下雨时车内漏水,"H109,",2020-06-15,厂家受理,2016,280TSI,自动, 豪华型
484371,吉利汽车,星越,吉利星越四条韩泰轮胎开裂现象越来越严重,"F100,",2020-06-15,处理反馈,2019,300T,, 耀星者
484370,知豆电动车,知豆D2,知豆D2无法行驶动力电池故障厂家一直没货,"H343,I295,N318,",2020-06-15,信息审核,2016,,, D2
484369,一汽马自达,阿特兹,一汽马自达阿特兹行驶时天窗B柱有异响,"H15,H89,",2020-06-15,信息审核,2020,2.5L,, 蓝天运动版
484368,一汽马自达,马自达CX-4,一汽马自达CX-4后备箱异响 中控台异响	,"H93,H15,",2020-06-15,信息审核,2020,2.0L,自动, 两驱 蓝天活力版
484363,广汽本田,雅阁,广汽本田雅阁日间行车灯不亮希望厂家处理,"H82,",2020-06-15,处理反馈,2016,2.0L,, CVT  舒适版
484362,一汽马自达,马自达CX-4,一汽马自达CX-4打开车门时有金属异响,"H72,H15,",2020-06-15,信息审核,2020,2.0L,自动, 两驱 蓝天品位版
484360,吉利汽车,博越,吉利博越换错变速箱油厂家未回复处理,"I294,J300,J299,",2020-06-15,处理反馈,2016,1.8TD,自动, 两驱 智尊型
484358,众泰汽车,众泰E200,众泰E200制动总泵损坏充电机损坏厂家无货,"E29,E196,H340,N318,",2020-06-15,信息审核,2018,,, 飞鱼座
484357,宝马（进口）,宝马5系GT,进口宝马5系GT空气悬挂漏气导致塌陷,"G204,",2020-06-15,信息审核,2015,,, 528i 豪华型
484356,北京现代,现代ix35,北京现代ix35两前刹车盘异常磨损刹车异响,"E43,E47,E239,I295,I297,",2020-06-15,信息审核,2018,2.0L,自动, 两驱 智勇·畅享版
484354,东风标致,标致508,东风标致508冷车启动发动机有异响声	,"A9,",2020-06-15,信息审核,2015,1.6THP,自动, 致臻版
484353,东风本田,本田XR-V,东风本田XR-V启动时VTC作动器有异响,"A9,",2020-06-15,信息审核,2015,1.5L,, LXi CVT经典版
484352,一汽-大众,探岳,一汽大众探岳变速箱异响希望厂家处理,"B33,",2020-06-15,厂家受理,2019,330TSI,, 两驱 豪华型 国Ⅵ
484350,吉利汽车,博越,吉利博越变速箱挡位指示灯宣传与实际不符,"M279,",2020-06-15,处理反馈,2020,1.8TD,, DCT 智领PRO
484346,东风标致,标致408,东风标致408节温器故障导致故障灯亮	,"A34,A191,",2020-06-15,信息审核,2014,1.6T,自动, 至尊版
484345,吉利汽车,嘉际,吉利嘉际4S店出售问题车辆 变相收费,"H157,I295,I294,K307,M284,",2020-06-15,信息审核,2019,1.5TD,, MHEV DCT 尊享型
484343,江铃汽车,驭胜S350,江铃驭胜S350车身生锈 门锁失灵 胶条脱落,"H79,H48,H197,",2020-06-15,信息审核,2016,2.0T,自动,  两驱 汽油 豪华版 5座
484342,吉利汽车,博越,吉利博越挡位灯不亮与厂家宣传不符,"M279,",2020-06-15,处理反馈,2020,1.8TD,, DCT 智慧PRO
484340,奇瑞汽车,捷途X90,奇瑞捷途X90销售承诺终身免费保养不兑现,"L313,",2020-06-15,信息审核,2019,1.6T,, DCT 耀旅版 5座 国VI
484335,东风雪铁龙,雪铁龙C4L,东风雪铁龙C4L转向柱松动影响安全,"D337,",2020-06-15,信息审核,2013,1.6THP,自动, 劲享版
484330,吉利新能源,嘉际新能源,吉利嘉际新能源备胎槽支架磨损备胎,"H68,",2020-06-15,处理反馈,2021,1.5TD,, ePro PHEV 尊享型
484329,猎豹汽车,猎豹CS10,猎豹CS10传感器损坏导致变速箱无法挂挡,"B20,B334,",2020-06-15,信息审核,2017,2.0T,自动, 豪华型
484322,一汽马自达,阿特兹,一汽马自达阿特兹B柱天窗异响维修未解决,"H15,J298,J301,",2020-06-15,信息审核,2020,2.5L,, 蓝天运动版
484320,吉利汽车,缤越,吉利缤越车机卡顿无法升级系统 车窗漏风,"H155,",2020-06-15,处理反馈,2019,260T,, DCT Battle 运动款 国V
484317,猎豹汽车,猎豹CS10,猎豹CS10仪表提示发动机和ABS故障灯亮,"A34,A255,B33,E74,G125,H168,H170,",2020-06-15,信息审核,2017,2.0T,自动, 都市型
484316,一汽马自达,阿特兹,一汽马自达阿特兹行驶过程中B柱有异响,"H15,",2020-06-15,信息审核,2020,2.5L,, 蓝天尊崇版
484315,广汽丰田,汉兰达,广汽丰田汉兰达刹车片异常磨损厂家不予质保,"E47,I297,",2020-06-15,信息审核,2018,2.0T,, 四驱 豪华版 7座 国V
484313,宝沃汽车,宝沃BX7,宝沃BX7售后人员隐瞒保险理赔金额,"L314,",2020-06-15,处理反馈,2016,,, 28T 四驱 旗舰版 5座
484312,东风标致,标致408,东风标致408制动距离长车门无法上锁油耗高,"A85,E269,H168,H197,",2020-06-15,信息审核,2011,,自动, 2.0 豪华版
484310,上汽集团,锐腾,上汽名爵锐腾打方向异响行驶中方向跑偏,"D59,D154,G117,",2020-06-15,处理反馈,2015,,, 1.5TGI TST 精英版
484308,上汽集团,荣威RX3,上汽荣威RX3发动机漏油行驶中天窗异响,"A12,C267,H101,H89,",2020-06-15,处理反馈,2018,1.6L,手动, 进取版
484307,上汽斯柯达,昊锐,斯柯达昊锐车内异味严重希望厂家处理,"H185,",2020-06-15,信息审核,2009,1.8TSI,自动, 智雅版
484305,比亚迪,比亚迪S7,比亚迪S7变速箱顿挫严重希望尽快处理,"B19,",2020-06-15,信息审核,2016,2.0T,自动, 旗舰型Plus
484304,比亚迪,比亚迪S7,比亚迪S7变速箱换挡顿挫空挡时抖动,"B19,B95,",2020-06-15,处理反馈,2016,2.0T,自动, 尊贵型Plus
484303,上汽大众,途观,上汽大众途观驾驶室前后脚垫位置积水,"H109,",2020-06-15,信息审核,2013,1.8TSI,自动, 两驱 豪华型
484302,北汽银翔,幻速S7,北汽幻速S7行驶中变速箱只有一挡无法升挡,"B20,",2020-06-15,信息审核,2018,1.5T,自动, 尊享型
484301,吉利汽车,星越,吉利星越车机卡顿 系统与宣传不符,"H134,M279,",2020-06-15,处理反馈,2019,300T,, 耀星者
484298,上汽斯柯达,柯珞克,斯柯达柯珞克电瓶故障导致无法启动,"H146,",2020-06-15,信息审核,2019,TSI280,, 智行豪华版 国Ⅵ
484297,一汽马自达,阿特兹,一汽马自达阿特兹车内异响4S店无法解决,"H164,H93,H89,I295,J298,M284,",2020-06-15,信息审核,2020,2.5L,, 蓝天尊崇版
484296,吉利汽车,缤瑞,吉利缤瑞转动方向盘时存在明显异响,"D59,",2020-06-15,处理反馈,2019,,, 200T DCT 亚运版
484294,上汽集团,荣威RX5 MAX,上汽荣威RX5 MAX系统信息与实际不符,"I295,M284,",2020-06-15,厂家受理,2019,300TGI,自动, 4G互联豪华版
484293,比亚迪,比亚迪S7,比亚迪S7变速箱加速无力 挂挡困难,"B20,B334,B27,",2020-06-15,处理反馈,2015,2.0T,自动, 旗舰型
484292,上汽大众,凌渡,上汽大众凌渡疑似刹车盘生锈存在质量问题,"E239,E42,",2020-06-15,信息审核,2019,280TSI,, DSG 舒适版 国V
484291,吉利汽车,博越,吉利博越变速箱挡位灯宣传与实际不符,"M279,",2020-06-15,处理反馈,2020,1.8TD,, DCT 智领PRO
484289,一汽马自达,阿特兹,一汽马自达阿特兹新车B柱和天窗异响严重,"H164,H89,",2020-06-15,信息审核,2020,2.5L,, 蓝天尊崇版
484287,上汽大众,朗逸,上汽大众朗逸低速时变速箱异响存在质量问题,"B33,H164,",2020-06-15,信息审核,2018,280TSI,, DSG 舒适版 国V
484284,一汽马自达,马自达CX-4,一汽马自达CX-4 A柱及B柱位置异响,"H15,",2020-06-15,信息审核,2020,2.0L,自动, 两驱 蓝天品位版
484283,吉利汽车,远景,吉利远景变速箱升挡时顿挫 油耗增加,"B19,",2020-06-15,处理反馈,2016,1.5L,自动, 幸福版
484282,吉利汽车,帝豪,吉利帝豪刹车疲软 存在安全隐患,"E269,",2020-06-15,处理反馈,2017,1.5L,, CVT 向上版 三厢 百万款
484281,吉利汽车,远景,吉利远景车门及车身螺栓生锈厂家不解决问题,"H79,I295,",2020-06-15,厂家受理,2018,1.5L,手动, 幸福版
484280,一汽马自达,阿特兹,一汽马自达阿特兹中控B柱及后备箱异响,"H93,H15,H68,",2020-06-15,信息审核,2020,2.5L,, 蓝天运动版
484273,一汽-大众,CC,一汽大众CC中控隔音棉质量差导致车内异味,"H185,",2020-06-15,厂家受理,2013,1.8TSI,, 豪华型
484272,东风悦达起亚,智跑,东风悦达起亚智跑内饰破损4S店拒绝质保,"H168,",2020-06-15,信息审核,2018,2.0L,自动, 智享豪华版
484271,广汽丰田,凯美瑞,广汽丰田凯美瑞两前半轴漏油要求免费更换,"G51,",2020-06-15,信息审核,2016,,自动, 2.0G 十周年纪念豪华版
484269,上汽集团,荣威RX3,上汽荣威RX3漆面厚度与标准差异大,"M284,",2020-06-15,处理反馈,2020,1.6L,手动, 超爽进取版
484266,上汽大众,凌渡,上汽大众凌渡变速箱漏油4S店拒绝质保,"B22,",2020-06-15,信息审核,2017,230TSI,, DSG 风尚版
484265,比亚迪,比亚迪S7,比亚迪S7变速箱顿挫异响抖动并且加速无力,"B33,B19,B95,B334,",2020-06-15,信息审核,2017,2.0T,自动, 尊贵型
484263,上汽大众,途安,上汽大众途安天窗漏水希望尽快解决,"H90,",2020-06-15,信息审核,2016,330TSI,自动, 途安L 豪华版
484262,东风日产,天籁,东风日产天籁方向盘异响厂家未解决问题,"D59,I295,",2020-06-15,处理反馈,2019,2.0L,, XL 舒适版
484260,众泰汽车,众泰T300,众泰T300天窗震动 左侧后视镜转向灯不亮,"H89,H82,",2020-06-15,处理反馈,2017,1.5L,手动, 尊享型
484258,广汽本田,锋范,广汽本田锋范冷车启动发动机有异响,"A9,",2020-06-15,处理反馈,2015,1.5L,, CVT 舒适版
484257,吉利汽车,星越,吉利星越车机系统卡顿系统版本无法升级,"H134,M279,",2020-06-15,处理反馈,2019,350T,, 耀星者
484256,广汽丰田,凯美瑞,广汽丰田凯美瑞车内异味怠速时发动机抖动,"A24,H185,",2020-06-15,信息审核,2018,,自动, 2.5G 豪华版
484255,一汽-大众奥迪,奥迪A4L,一汽大众奥迪A4L天窗漏水存在质量问题,"H90,",2020-06-15,信息审核,2017,2.0T,, 双离合 时尚型
484254,一汽-大众奥迪,奥迪Q5,一汽大众奥迪Q5节温器和水泵漏防冻液,"A37,A221,",2020-06-15,信息审核,2017,2.0T,, 40 TFSI 舒适型
484253,上汽大众,途观L,上汽大众途观L发动机异响厂家未回复处理,"A9,I295,I294,",2020-06-15,信息审核,2018,330TSI,自动, 两驱 舒适版
484249,长安汽车,长安欧尚科赛,长安欧尚科赛新车电瓶无法充满刹车灯减配,"H340,I295,Q350,",2020-06-15,厂家受理,2018,1.5T,手动, 型 7座
484247,上汽大众,朗逸,上汽大众朗逸轮胎龟裂严重排气管生锈,"F100,H30,I295,",2020-06-15,信息审核,2017,1.6L,手动, 风尚版
484244,吉利汽车,博越,吉利博越轮胎生产日期与车辆生产日期不符,"I295,I281,M284,",2020-06-15,信息审核,2020,1.8TD,, DCT 智领PRO
484243,一汽马自达,马自达CX-4,一汽马自达CX-4车内A柱和B柱异响严重,"H164,",2020-06-15,信息审核,2020,2.0L,自动, 两驱 蓝天探索版
484241,吉利汽车,博越,吉利博越行车中导航不准确4S店不解决问题,"H21,I295,",2020-06-15,厂家受理,2018,1.8TD,自动, 两驱 智慧型 4G互联版
484238,北京现代,途胜,北京现代途胜发动机起步抖动油耗高动力差,"A24,A163,A85,",2020-06-15,信息审核,2015,1.6T,,   双离合 两驱 智能型
484233,吉利汽车,博越,吉利博越车机系统及功能与宣传时不符,"M279,",2020-06-15,处理反馈,2020,1.8TD,, DCT 智领PRO
484232,东风雪铁龙,凯旋,东风雪铁龙凯旋高速行驶中变速箱3挡锁死,"B20,",2020-06-15,处理反馈,2006,2.0L,自动, 旗舰型
484230,吉利汽车,博越,吉利博越实车配置与宣传不符要求解决,"M279,",2020-06-15,处理反馈,2020,1.8TD,, DCT 智领PRO
484228,一汽马自达,马自达CX-4,一汽马自达CX-4转向异响 4S店态度恶劣,"D59,H168,H155,I293,I294,",2020-06-15,信息审核,2020,2.5L,自动, 两驱 蓝天驾趣版
484227,众泰汽车,众泰T700,众泰T700车身AB柱外观装饰板出现断裂,"H168,N318,",2020-06-15,处理反馈,2017,1.8T,, 双离合 尊贵型
484225,东风英菲尼迪,英菲尼迪Q50L,东风英菲尼迪Q50L后差速器漏油严重,"G124,",2020-06-15,信息审核,2015,2.0T,自动, 悦享版
484224,一汽-大众,探岳,一汽大众探岳变速箱异响 车灯光线暗,"B33,H88,",2020-06-15,厂家受理,2019,330TSI,, 两驱 豪华型 国Ⅵ
484223,一汽解放,解放J6P,一汽解放J6P驾驶室玻璃漏水制造工艺差,"H109,",2020-06-15,信息审核,2011,,, 解放J6P 9.0 集装箱 半挂 牵引汽车 CA4250P66K24T1A1 EX型
484221,吉利汽车,远景X6,吉利远景X6起步转向异响存在质量问题,"D59,",2020-06-14,处理反馈,2018,1.4T,, CVT 4G互联旗舰型
484220,北京现代,名图,北京现代名图大灯灯眉发黄断裂要求解决,"H220,I297,",2020-06-14,信息审核,2014,1.8L,自动, 尊贵型
484219,上汽集团,荣威RX5 MAX,上汽荣威RX5 MAX经销商出售库存车,"L313,M284,",2020-06-14,处理反馈,2019,400TGI,自动, 智能座舱豪华版
484218,东风标致,标致4008,东风标致4008加速无力发动机故障灯亮,"A34,A160,",2020-06-14,处理反馈,2018,350THP,, 精英版
484216,上汽通用五菱,宝骏610,宝骏610中控锁损坏 遥控器失灵无法使用,"H119,H197,",2020-06-14,信息审核,2014,1.5L,手动, 舒适型
484215,猎豹汽车,猎豹CS10,猎豹CS10变速箱传感器损坏导致无法行驶,"B334,",2020-06-14,信息审核,2017,2.0T,自动, 豪华型
484214,吉利汽车,博越,吉利博越车机功能与官方宣传不符		,"M279,",2020-06-14,厂家受理,2020,1.8TD,, DCT 智领PRO
484213,一汽马自达,马自达CX-4,一汽马自达CX-4中控屏显示内容不断跳动,"H134,",2020-06-14,信息审核,2016,2.0L,自动, 两驱蓝天品位版
484211,吉利汽车,博越,吉利博越没有挡位灯 播放音乐有杂音,"H134,Q322,",2020-06-14,处理反馈,2020,1.8TD,, DCT 智领PRO
484209,长安马自达,马自达CX-5,长安马自达CX-5车机死机无法正常使用,"H134,",2020-06-14,信息审核,2020,2.0L,自动, 两驱 智尊型
484206,一汽马自达,马自达CX-4,一汽马自达CX-4中控台后座和车门有异响,"H72,H93,H169,",2020-06-14,信息审核,2020,2.0L,自动, 两驱 蓝天探索版
484204,东南汽车,东南DX7,东南DX7驻车系统故障导致故障灯报警,"E159,",2020-06-14,厂家受理,2015,1.5T,自动,  豪华型
484203,吉利汽车,星越,吉利星越车机系统卡顿而且无法进行升级,"H134,O348,",2020-06-14,处理反馈,2019,350T,, 改款 耀星者
484199,东风日产,骐达TIIDA,东风日产骐达羊角及球头生锈腐蚀,"H79,",2020-06-14,处理反馈,2019,1.6L,, CVT 智尊版 国Ⅵ
484198,北京现代,名图,北京现代名图韩泰轮胎有严重的起皮现象,"F186,",2020-06-14,信息审核,2017,1.8L,自动, 智能型 GLS 国V
484197,上汽大众,朗逸,上汽大众朗逸变速箱机电单元损坏,"B334,B84,B115,",2020-06-14,信息审核,2011,1.4TSI,, DSG品轩版
484196,江淮汽车,瑞风S3,江淮瑞风S3安全气囊灯常亮 车身生锈,"H79,H103,",2020-06-14,厂家受理,2016,1.5L,手动, 豪华智能尊享版
484195,东风标致,标致4008,东风标致4008服务站未将保养记录上传,"J299,",2020-06-14,信息审核,2017,350THP,, 精英版
484193,雷克萨斯,雷克萨斯NX,雷克萨斯NX制动系统失灵 发动机性能下降,"A24,A34,H170,",2020-06-14,信息审核,2020,,, 300h 前驱 锋尚版 国VI
484192,东风标致,标致308,东风标致308换挡顿挫 雪地模式和S挡闪烁,"B19,B96,B84,",2020-06-14,信息审核,2013,1.6L,自动, 优尚陈坤出色版
484191,领克汽车,领克01,领克01前半轴和球笼生锈 大灯起雾,"H79,H88,",2020-06-14,处理反馈,2017,2.0T,自动, 两驱 型 Pro
484190,东风雪铁龙,雪铁龙C4L,东风雪铁龙C4L气门室盖垫漏油 发动机烧机油,"A12,A63,A45,",2020-06-14,处理反馈,2013,1.6THP,自动, 劲智版
484187,一汽马自达,阿特兹,一汽马自达阿特兹B柱异响 中控异响,"H93,H15,",2020-06-14,信息审核,2020,2.5L,, 蓝天尊崇版
484185,奇瑞汽车,艾瑞泽EX,奇瑞艾瑞泽EX天窗异响一直未得到解决,"H89,",2020-06-14,处理反馈,2019,1.5L,, CVT 乐活版 国V
484184,北京现代,悦纳,北京现代悦纳前机盖内侧掉漆希望厂家处理,"H81,",2020-06-14,信息审核,2020,1.4L,, CVT 炫酷版GLS
484183,北京现代,朗动,北京现代朗动中控黑屏无法正常使用,"H134,",2020-06-14,信息审核,2015,1.6L,自动, 领先型
484182,东风标致,标致408,东风标致408固特异轮胎开裂 轮毂氧化,"F100,H243,",2020-06-14,处理反馈,2015,1.2T,自动, 豪华版
484181,一汽-大众,探岳,一汽大众探岳大灯透镜有指纹影响行车安全,"H82,",2020-06-14,厂家受理,2019,330TSI,, 两驱 豪华型 国Ⅵ
484180,吉利汽车,星越,吉利星越车机卡顿死机 前悬挂异响,"G56,G204,H134,M279,",2020-06-14,处理反馈,2019,350T,, 改款 驭星者AWD
484176,广汽三菱,欧蓝德,广汽三菱欧蓝德左后方安全带无法抽出,"H118,",2020-06-14,厂家受理,2019,2.0L,, 两驱 畅享版 5座 国VI
484174,长安汽车,长安欧尚X7,长安欧尚X7保养规定售后人员未履行,"L314,",2020-06-14,厂家受理,2020,1.5T,自动, 豪华型
484173,一汽-大众,速腾,大众速腾胎压监测故障维修人员操作不规范,"H203,J303,J299,",2020-06-14,厂家受理,2018,1.6L,自动, 舒适型
484172,知豆电动车,知豆D2,知豆D2动力电池故障 无配件更换,"H343,N318,",2020-06-14,信息审核,2015,,, D2
484168,一汽马自达,阿特兹,一汽马自达阿特兹行驶中B柱异响,"H15,",2020-06-14,信息审核,2020,2.5L,, 蓝天尊崇版
484167,一汽丰田,威驰,一汽丰田威驰排气管抖动异响维修后未解决,"H31,",2020-06-14,信息审核,2017,1.5L,, CVT 创行版
484166,东风标致,标致408,东风标致408行驶中后桥异响严重,"G158,",2020-06-14,处理反馈,2014,1.8L,自动, 豪华版
484164,一汽丰田,RAV4荣放,一汽丰田RAV4荣放缴纳保险费后未上保险,"L313,",2020-06-14,信息审核,2020,2.0L,, CVT 两驱 风尚版
484161,一汽-大众,宝来,一汽大众宝来加速时抖动 变速箱异响,"B33,B95,",2020-06-14,厂家受理,2020,1.5L,自动, 精英型
484160,一汽-大众,探岳,一汽大众探岳大灯不亮变速箱顿挫雨刮器异响,"B19,H82,H60,",2020-06-14,厂家受理,2019,330TSI,, 两驱 豪华型 国Ⅵ
484157,一汽马自达,阿特兹,一汽马自达阿特兹AB柱异响 中控异响 车顶异响,"H93,H15,",2020-06-14,信息审核,2020,2.5L,, 蓝天尊崇版
484156,吉利汽车,缤越,吉利缤越高速中门窗漏风车机系统无法升级,"H144,M279,O348,",2020-06-14,处理反馈,2019,260T,, DCT 骑士 国VI
484154,吉利汽车,博瑞,吉利博瑞事故维修处理不到位服务承诺未兑现,"J303,L314,",2020-06-14,处理反馈,2018,,, MHEV 耀智版
484153,一汽-大众,速腾,一汽大众速腾变速箱刹车异响希望厂家处理,"B33,B95,E43,H101,",2020-06-14,厂家受理,2019,280TSI,, DSG 舒适型 国VI
484152,一汽-大众,速腾,一汽大众速腾佳通轮胎表面有开裂的现象,"F100,",2020-06-14,厂家受理,2018,1.6L,自动, 舒适型
484145,北京现代,菲斯塔,北京现代菲斯塔左前门翼子板与前门不平,"H209,",2020-06-14,信息审核,2019,,, 280TGDi 智享版 国VI
484143,长安马自达,马自达3 昂克赛拉,长安马自达昂克赛拉中控屏幕容易脱胶,"H134,H168,",2020-06-14,信息审核,2016,1.5L,自动, 豪华型 三厢
484142,东风雷诺,科雷嘉,东风雷诺科雷嘉车联网服务私自关停,"L313,",2020-06-14,信息审核,2019,,自动, SCe200 两驱 智悦型 周年版 国VI
484141,众泰汽车,众泰SR9,众泰SR9变速箱挂挡不走厂家无配件更换,"B334,N318,",2020-06-14,处理反馈,2017,2.0T,自动, 极致之巅版
484140,东风日产,天籁,东风日产天籁发动机漏油希望厂家处理问题,"A12,",2020-06-14,处理反馈,2019,2.0L,, XL Upper 智行版
484139,东风雪铁龙,世嘉,东风雪铁龙世嘉油表指示针不准希望厂家处理,"H202,",2020-06-14,处理反馈,2014,1.6L,手动, 品尚型
484138,北汽新能源,北汽新能源EU,北汽新能源EU系列动力电池连接器腐蚀,"H79,H343,",2020-06-14,处理反馈,2017,,, EU260 乐途plus版
484136,东风标致,标致408,东风标致408保险杠和后备箱连接处脱离,"H168,",2020-06-14,处理反馈,2015,1.2T,自动, 豪华版
484135,广汽本田,雅阁,广汽本田雅阁LED日行灯不亮存在质量问题,"H82,",2020-06-14,处理反馈,2016,2.0L,, CVT 精英版
484134,一汽马自达,阿特兹,一汽马自达阿特兹轮毂严重掉漆要求解决,"H243,",2020-06-14,信息审核,2018,2.5L,, 蓝天运动版 国V
484132,沃尔沃亚太,沃尔沃S60,亚太沃尔沃S60空调不出风存在安全隐患,"H101,",2020-06-14,信息审核,2017,1.5T,, T3 智进版
484131,奇瑞汽车,艾瑞泽5,奇瑞艾瑞泽5慢速转向时方向盘异响,"D59,",2020-06-14,处理反馈,2017,1.5L,手动, 领潮版
484130,一汽-大众,速腾,一汽大众速腾ABS传感器故障希望处理,"H234,",2020-06-14,厂家受理,2015,1.6L,自动,  舒适型
484127,华晨中华,中华V6,中华V6方向盘异响 抖动 卡滞 4S店不处理,"D59,D123,D80,I295,",2020-06-14,信息审核,2018,1.5T,手动, 尊贵型
484124,上汽大众,朗逸,上汽大众朗逸韩泰轮胎开裂影响行车安全,"F100,",2020-06-14,信息审核,2017,1.6L,手动, 风尚版
484123,东风日产,天籁,东风日产天籁仪表盘开裂 4S店不予索赔,"H168,I297,",2020-06-14,处理反馈,2016,2.0L,, XL 舒适版 改款
484121,东风标致,标致408,东风标致408油箱漏油 4S店维修无配件,"H75,N318,",2020-06-14,处理反馈,2015,1.2T,自动, 豪华版
484115,上汽大众,途昂,上汽大众途昂轮毂腐蚀严重4S店不予解决,"H243,I295,",2020-06-14,信息审核,2017,330TSI,, 两驱 豪华版
484111,北京现代,菲斯塔,北京现代菲斯塔发动机熄火存在质量问题,"A14,",2020-06-14,信息审核,2019,,, 280TGDi 智享版 国VI
484110,东风雪铁龙,雪铁龙C5,东风雪铁龙C5密封条脱落更换后再次脱落,"B19,E43,H72,H48,J303,",2020-06-14,用户评分,2014,1.6THP,自动, 尊享型
484108,吉利汽车,星越,吉利星越前悬挂系统异响严重希望厂家解决,"G204,",2020-06-14,处理反馈,2019,350T,, 耀星者
484106,上汽集团,名爵6,上汽名爵6刹车分泵螺栓未固定 售后服务差,"E43,J301,J304,",2020-06-14,处理反馈,2018,20T,自动, Trophy超级运动互联网版 国VI
484104,吉利汽车,博瑞,吉利博瑞车门生锈要求厂家尽快处理,"H79,",2020-06-14,处理反馈,2016,2.4L,, 舒适型
484102,北京奔驰,奔驰C级,北京奔驰C级空调左侧吹热风右侧吹冷风,"H101,",2020-06-14,信息审核,2016,,, 180 L 运动型
484100,吉利汽车,星越,吉利星越车机卡顿版本与宣传不符,"H155,M279,",2020-06-14,处理反馈,2019,350T,, 耀星者
484099,吉利汽车,缤越,吉利缤越主驾驶车窗漏风 车机版本老旧,"H144,L314,",2020-06-14,用户评分,2019,260T,, DCT 游侠 国V
484096,吉利汽车,缤越,吉利缤越贷款购车经销商低配车型当高配卖,"M280,",2020-06-14,信息审核,2019,260T,, DCT 骑士 国VI
484095,吉利汽车,缤越,吉利缤越车机系统卡顿厂家拒绝升级,"H81,H155,H144,L314,",2020-06-14,处理反馈,2019,260T,, DCT 游侠 运动款 国V
484092,众泰汽车,众泰T700,众泰T700后悬架异响严重希望解决,"G204,",2020-06-14,处理反馈,2017,2.0T,自动, 尊贵型
484091,一汽-大众奥迪,奥迪A3,一汽大众奥迪A3变速箱故障行驶中失去动力,"B334,B84,",2020-06-14,信息审核,2014,1.4T,, Limousine 双离合 进取型
484090,上汽集团,荣威Ei5,上汽荣威Ei5自动手刹故障无法解锁,"E159,",2020-06-14,处理反馈,2018,,, 互联网旗舰版
484089,一汽马自达,阿特兹,一汽马自达阿特兹B柱C柱异响严重,"H15,",2020-06-14,信息审核,2020,2.5L,, 蓝天尊崇版
484088,吉利汽车,星越,吉利星越车机系统升级后仍与厂家宣传不符,"M279,O348,",2020-06-14,处理反馈,2019,350T,, 驭星者
484086,广汽本田,缤智,广汽本田缤智发动机启动困难希望解决,"A44,",2020-06-14,处理反馈,2015,1.5L,, CVT 两驱舒适型
484085,广汽本田,雅阁,广汽本田雅阁Carplay使用过程中死机,"H155,",2020-06-14,处理反馈,2018,2.0L,, 锐智版 锐·混动 国V
484084,华晨宝马,宝马3系,华晨宝马3系发动机故障灯亮压力阀需要更换,"A34,",2020-06-14,信息审核,2020,,, 325Li M运动套装
484082,一汽马自达,阿特兹,一汽马自达阿特兹4S店不给处理异响问题,"I295,I282,",2020-06-14,信息审核,2020,2.5L,, 蓝天尊崇版
484081,北京现代,领动,北京现代领动变速箱脱挡异响要求延保,"B33,B246,",2020-06-14,信息审核,2019,1.4T,, 双离合 炫动·活力型
484080,上汽集团,名爵ZS,上汽名爵ZS发动机异响 方向盘按键故障,"A9,A34,B69,H134,H31,",2020-06-14,处理反馈,2020,,自动, 260TGI Trophy Plus L2+
484077,一汽丰田,皇冠,一汽丰田皇冠多个故障灯点亮要求处理,"H110,",2020-06-14,信息审核,2018,2.0T,, 精英版
484075,一汽马自达,阿特兹,一汽马自达阿特兹B柱 中控台异响,"H93,H15,",2020-06-14,信息审核,2020,2.0L,, 蓝天豪华版
484072,吉利汽车,缤越,吉利缤越4S店安装原车挡泥板擅自损坏车体,"J299,O305,",2020-06-14,信息审核,2019,260T,, DCT 游侠 运动款 国V
484070,一汽马自达,阿特兹,一汽马自达阿特兹行驶时AB柱和顶棚异响,"H15,",2020-06-14,信息审核,2020,2.5L,, 蓝天尊崇版
484069,一汽大众,捷达VS5,捷达VS5雨刮器处漏水增压器生锈 刹车异响,"E43,H79,H109,",2020-06-14,信息审核,2019,280TSI,自动, 荣耀型
484068,广汽本田,缤智,广汽本田缤智空调压缩机频繁启停影响使用,"H101,",2020-06-14,处理反馈,2017,1.5L,手动, 两驱 舒适型
484061,一汽马自达,阿特兹,一汽马自达阿特兹仪表台 两侧B柱C柱异响,"H93,H15,",2020-06-14,信息审核,2020,2.5L,, 蓝天运动版
484059,一汽马自达,阿特兹,一汽马自达阿特兹行驶中B柱异响,"H15,",2020-06-14,信息审核,2020,2.5L,, 蓝天尊崇版
484058,一汽马自达,阿特兹,一汽马自达阿特兹A柱及B柱异响 中控异响		,"H93,H15,H89,",2020-06-14,信息审核,2020,2.5L,, 蓝天尊崇版
484057,广汽本田,雅阁,广汽本田雅阁后尾箱内部生锈要求解决,"H79,",2020-06-14,处理反馈,2016,2.0L,, CVT 舒享版
484053,上汽大众,途观,上汽大众途观4S店用外采件充当原装配件,"N319,",2020-06-14,信息审核,2012,1.4TSI,手动, 两驱 都会版
484052,一汽吉林,森雅R7,一汽吉林森雅R7电脑板损坏发动机无法启动,"A44,",2020-06-14,信息审核,2017,1.6L,自动, 智能型
484051,Jeep（进口）,自由客,进口Jeep自由客车辆内部异味严重,"H185,",2020-06-14,信息审核,2014,2.0L,自动, 运动版
484050,一汽马自达,阿特兹,一汽马自达阿特兹B柱异响 内饰皮质开裂,"H168,H15,H157,",2020-06-14,信息审核,2020,2.5L,, 蓝天尊崇版
484049,东风雪铁龙,雪铁龙C4L,东风雪铁龙C4L高压油泵损坏 节温器故障,"A37,A191,A221,H78,",2020-06-14,处理反馈,2014,1.6THP,自动, 智驱版 劲智型
484047,一汽马自达,阿特兹,一汽马自达阿特兹车身B柱及刹车踏板异响,"E43,H164,H15,H89,",2020-06-14,信息审核,2020,2.5L,, 蓝天尊崇版
484044,一汽马自达,马自达CX-4,一汽马自达CX-4车身异响颠簸路中控台异响,"H93,H15,",2020-06-14,信息审核,2020,2.0L,自动, 两驱 蓝天品位版
484043,一汽马自达,阿特兹,一汽马自达阿特兹车身异响维修后问题未解决,"H15,J300,J303,",2020-06-14,信息审核,2020,2.5L,, 蓝天尊崇版
484041,上汽斯柯达,昊锐,斯柯达昊锐车内异味严重无法消除影响健康,"H185,",2020-06-14,信息审核,2009,,自动, 2.0TSI 尊雅版
484040,北京越野,北京BJ20,北京BJ20主驾驶座椅升降失灵 维修无配件,"H169,N318,",2020-06-14,处理反馈,2018,1.5T,手动, 豪华型
484038,北汽新能源,北汽新能源EU5,北汽新能源EU5经销商私自更换充电桩品牌,"L314,",2020-06-14,处理反馈,2018,,, R550 智潮版
484035,一汽-大众,宝来,一汽大众宝来红绿灯起步时有被追尾的感觉,"A24,",2020-06-14,厂家受理,2019,1.5L,自动, 改款 精英型 国V
484033,上汽斯柯达,Yeti,斯柯达Yeti车内异味过重要求厂家赔偿,"H185,",2020-06-14,信息审核,2016,1.4TSI,, DSG 前行版
484032,北京现代,领动,北京现代领动中控显示屏死机无法切断电源,"H134,",2020-06-14,信息审核,2016,1.6L,自动, 智炫·精英型
484028,东风标致,标致408,东风标致408空调不制冷存在质量问题,"H101,",2020-06-14,处理反馈,2015,1.2T,自动, 豪华版
484024,东风悦达起亚,K5凯酷,东风悦达起亚K5凯酷电瓶鼓包漏液,"H146,",2020-06-14,信息审核,2016,2.0L,, hybrid PRM
484023,广汽丰田,凯美瑞,广汽丰田凯美瑞发动机机油增多 起步异响,"A9,A63,",2020-06-14,信息审核,2018,,, 2.5HQ E-CVT 旗舰版
484022,吉利汽车,远景X6,吉利远景X6 ESC故障灯亮 变速箱故障灯亮,"B96,H170,",2020-06-14,处理反馈,2016,,, 1.3T CVT 旗舰型
484021,东风雪铁龙,雪铁龙C4L,东风雪铁龙C4L汽油泵故障油表显示不准确,"H78,",2020-06-14,处理反馈,2015,1.2T,自动, 豪华版
484020,一汽-大众奥迪,奥迪A6L,一汽大众奥迪A6L前机盖起泡生锈车内异味,"H79,H185,H81,",2020-06-14,信息审核,2014,,, TFSI  CVT 标准型
484019,大乘汽车,大乘G70S,大乘G70S免费保养承诺不兑现要求补差价,"K307,L314,",2020-06-14,信息审核,2019,2.0T,自动, 尊贵型
484018,一汽吉林,森雅R7,一汽吉林森雅R7导航主机故障 厂家不发货,"H21,N318,",2020-06-14,信息审核,2017,1.6L,手动, 豪华型
484014,江铃汽车,驭胜S330,江铃驭胜S330变速箱顿挫 漏油质量差,"B19,B22,",2020-06-14,信息审核,2016,1.5L,自动, GTDi  两驱 旗舰版
484013,上汽大众,朗逸,上汽大众朗逸发动机爆震 变速箱异响,"A18,B33,",2020-06-14,信息审核,2019,1.5L,自动, 舒适版 国VI
484011,林肯（进口）,林肯MKX,林肯MKX转向助力多次故障维修未解决,"D57,J298,",2020-06-14,信息审核,2017,2.0T,, 两驱 尊享版
484010,东风标致,标致408,东风标致408轮毂氧化锈蚀影响车辆使用,"H243,",2020-06-14,信息审核,2016,1.6T,自动, 豪华版
484008,一汽马自达,阿特兹,一汽马自达阿特兹车身B柱和车内异响,"H164,H15,",2020-06-14,信息审核,2020,2.5L,, 蓝天运动版
484004,东风日产,天籁,东风日产天籁油箱异响 色差明显做工粗糙,"H134,H93,H147,H201,",2020-06-14,处理反馈,2019,2.0T,, XL 智领版
484003,一汽马自达,马自达CX-4,一汽马自达CX-4车身异响严重希望处理,"H15,",2020-06-14,信息审核,2020,2.0L,自动, 两驱 蓝天品位版
484001,长安马自达,马自达CX-5,长安马自达CX-5变速箱油封更换后再次漏油,"B22,",2020-06-14,信息审核,2017,2.0L,自动, 两驱 智享型 国V
484000,北京现代,领动,北京现代领动减震器配件一直缺货,"N318,N320,",2020-06-14,信息审核,2019,1.5L,, CVT 智炫·精英型
483999,奇瑞汽车,奇瑞E3,奇瑞E3空调插接器接触不良鼓风机无法运转,"H101,",2020-06-14,处理反馈,2015,1.5L,, 风尚型
483998,吉利汽车,星越,吉利星越车机系统卡顿与宣传不符,"H134,M279,",2020-06-14,处理反馈,2019,350T,, 耀星者
483992,东风标致,标致4008,东风标致4008发动机抖动冒烟维修未解决,"A24,A114,J303,",2020-06-14,处理反馈,2017,350THP,, 豪华版
483991,东风雪铁龙,雪铁龙C4L,东风雪铁龙C4L空调吹热风 冷却液温度报警,"A191,H101,",2020-06-14,处理反馈,2013,1.6THP,自动, 劲智版
483990,上汽斯柯达,柯迪亚克,斯柯达柯迪亚克变速箱升降挡颠簸路异响,"B33,",2020-06-14,信息审核,2019,,, TSI330 两驱 舒适版 5座 国V
483989,吉利汽车,星越,吉利星越车机死机软硬件和宣传不相符,"H134,M279,",2020-06-14,处理反馈,2019,350T,, AWD 驭星者
483988,一汽马自达,马自达CX-4,一汽马自达CX-4经销商出售故障车要求处理,"M284,",2020-06-14,信息审核,2020,2.0L,自动, 两驱 蓝天活力版
483987,众泰汽车,众泰SR9,众泰SR9售后不解决问题 维修无配件,"I295,N318,",2020-06-14,处理反馈,2017,2.0T,自动, 极致之梦版
483984,东南汽车,东南DX3,东南DX3方向管柱异响 4S店拒绝索赔,"D59,I297,",2020-06-14,厂家受理,2016,1.5L,手动, 旗舰型
483982,东风悦达起亚,K5凯酷,东风悦达起亚K5凯酷发动机拉缸引起异响,"A9,A329,",2020-06-14,厂家受理,2012,2.0L,自动, DLX
483980,吉利汽车,缤越,吉利缤越A柱漏风 车机卡顿 升级承诺不兑现,"H134,H144,L314,",2020-06-14,处理反馈,2019,260T,, DCT 游侠 国VI
483979,海马汽车,海马8S,海马8S经销商换购补贴承诺一直不兑现,"L313,",2020-06-14,信息审核,2019,,自动, 1.6TGDI 潮版
483976,吉利汽车,星越,吉利星越车机卡顿要求厂家提供升级服务,"H134,M279,",2020-06-14,处理反馈,2019,350T,, 耀星者
483975,一汽解放,虎V,一汽解放虎V新车未提车电路总成损坏,"H110,",2020-06-14,信息审核,,,, 厢式货车
483974,一汽马自达,阿特兹,一汽马自达阿特兹车身AB柱及中控异响严重,"H93,H15,",2020-06-14,信息审核,2020,2.0L,, 蓝天豪华版
483973,广汽本田,皓影,广汽本田皓影发动机舱进泥水疑似设计缺陷,"Q322,",2020-06-14,处理反馈,2020,,, 240TURBO CVT 四驱 尊享版
483970,一汽马自达,阿特兹,一汽马自达阿特兹AB柱及顶棚异响,"H15,",2020-06-14,信息审核,2020,2.5L,, 蓝天运动版
483969,北京现代,领动,北京现代领动耐克森轮胎鼓包质量差,"F39,",2020-06-14,处理反馈,2019,1.4T,, 双离合 炫动·活力型
483967,吉利汽车,星越,吉利星越车机系统卡顿要求免费更换,"H134,",2020-06-14,处理反馈,2019,350T,, AWD 驭星者
483965,一汽-大众,高尔夫,一汽大众高尔夫变速箱 方向盘 油门踏板异响,"B33,D59,H164,",2020-06-14,处理反馈,2019,280TSI,, DSG R-Line型 国VI
483962,MINI,MINI CLUBMAN,MINI CLUBMAN行驶中普利司通轮胎爆胎,"F130,",2020-06-14,信息审核,2019,1.5T,, COOPER 鉴赏家
483961,吉利汽车,星越,吉利星越车机系统卡顿升级服务未兑现,"H134,M279,",2020-06-14,处理反馈,2019,350T,, 驭星者
483960,吉利汽车,帝豪GS,吉利帝豪GS出保前检查及质保期内索赔收费,"K307,",2020-06-14,处理反馈,2016,1.8L,自动, 领尚型 优雅版
483959,一汽马自达,阿特兹,一汽马自达阿特兹导航连接手机失灵,"H15,H155,",2020-06-14,信息审核,2020,2.5L,, 蓝天运动版
483958,海马汽车,海马S5青春版,海马S5青春版发动机抖动要求厂家处理,"A24,I295,O326,",2020-06-14,信息审核,2017,1.6L,手动, 豪华型
483955,广汽丰田,凯美瑞,广汽丰田凯美瑞前轮左右半轴渗油严重,"G161,",2020-06-14,信息审核,2015,,自动, 2.0G 领先版
483952,一汽丰田,卡罗拉,一汽丰田卡罗拉车身侧裙凹槽处变色,"H81,",2020-06-14,信息审核,2019,1.2T,, S-CVT GL-i精英版
483951,东风日产,天籁,东风日产天籁中控黑屏 窗门异响 油箱异响,"H134,H72,H147,",2020-06-14,处理反馈,2019,2.0L,, XL 舒适版
483946,广汽菲克Jeep,大指挥官,广汽菲克Jeep大指挥官售后拖延不解决问题,"I295,I282,O305,",2020-06-14,信息审核,2018,2.0T,, 四驱 悦享版 国VI
483945,一汽马自达,阿特兹,一汽马自达阿特兹车身异响4S店不解决处理,"H15,I295,",2020-06-14,信息审核,2020,2.5L,, 蓝天运动版
483941,吉利汽车,博越,吉利博越厂家减配USB接口无法安装记录仪,"Q350,",2020-06-14,信息审核,2020,1.8TD,, DCT 智联PRO
483940,东风日产,天籁,东风日产天籁发动机故障灯亮 抖动严重,"A24,A34,",2020-06-14,处理反馈,2019,2.0L,, XL 舒适版
483939,吉利汽车,缤瑞,吉利缤瑞变速箱异响 车机无法呼出智能助手,"B33,H134,H164,H15,",2020-06-14,处理反馈,2019,,, 200T DCT 缤致版
483937,一汽-大众,速腾,一汽大众速腾空调冷凝水排水设计不合理,"H101,",2020-06-13,处理反馈,2019,280TSI,, DSG 舒适型 国VI
483936,猎豹汽车,猎豹CS9,猎豹CS9发动机水温过高存在质量问题,"A191,",2020-06-13,信息审核,2017,1.5L,, CVT 精英型
483935,东风日产,逍客,东风日产逍客变速箱漏油越发严重,"B22,",2020-06-13,处理反馈,2017,2.0L,, CVT 智享版 国VI
483934,上汽集团,名爵ZS,上汽名爵ZS中控屏幕倒车时不亮希望解决,"H134,",2020-06-13,处理反馈,2020,,自动, 180DVVT Lite
483932,广汽本田,冠道,广汽本田冠道高速行驶突然熄火没有动力,"A14,",2020-06-13,处理反馈,2019,,, 240TURBO 两驱 精英版
483931,江铃汽车,域虎3,江铃域虎3多次维修未解决问题要求换车,"J298,",2020-06-13,信息审核,2018,2.5T,, 两驱 进取版 标准轴距 柴油
483929,一汽马自达,马自达CX-4,一汽马自达CX-4中控台 A柱 B柱异响,"H164,H93,H15,",2020-06-13,信息审核,2020,2.0L,自动, 两驱 蓝天探索版
483925,上汽集团,名爵6,上汽名爵6高频喇叭不响更换后未解决,"H151,",2020-06-13,处理反馈,2017,20T,自动, 豪华智联版 国V
483924,吉利汽车,缤越,吉利缤越悬挂处漏油 门窗漏风 车机不能升级,"G25,H144,L314,",2020-06-13,处理反馈,2019,260T,, DCT 骑士 国VI
483923,广汽丰田,雷凌,广汽丰田雷凌发动机机油增多希望处理问题,"A339,",2020-06-13,信息审核,2019,,, 双擎 1.8H CVT 豪华版 国V
483920,长城汽车,哈弗H2,哈弗H2发动机渗油多次返修没有解决,"A12,J298,",2020-06-13,处理反馈,2016,1.5T,自动, 两驱豪华型
483919,一汽丰田,卡罗拉,一汽丰田卡罗拉变速器质量问题在4S店报废,"B19,",2020-06-13,信息审核,2017,1.2T,, S-CVT GL 改款
483918,吉利汽车,吉利EC8,吉利EC8温度高时仪表盘上字迹显示模糊,"H202,",2020-06-13,处理反馈,2013,2.0L,手动, 精英型
483916,一汽马自达,阿特兹,一汽马自达阿特兹B柱异响希望厂家解决,"H15,",2020-06-13,信息审核,2020,2.5L,, 蓝天运动版
483915,吉利汽车,博越,吉利博越4S店收取高额拆检费希望解决,"K307,",2020-06-13,厂家受理,2016,1.8TD,自动, 两驱 智尊型
483913,一汽马自达,阿特兹,一汽马自达阿特兹B柱 C柱 中控大屏异响,"H72,H93,H15,",2020-06-13,信息审核,2020,2.5L,, 蓝天运动版
483912,上汽集团,名爵6,上汽名爵6方向盘异响 双离合变速箱顿挫,"B19,D59,",2020-06-13,处理反馈,2017,20T,自动, Trophy尊享互联网版 国V
483909,北京奔驰,奔驰C级,北京奔驰C级发动机抖动严重 故障灯亮,"A24,A34,",2020-06-13,信息审核,2020,,, C 260 L 运动版
483908,广汽本田,雅阁,广汽本田雅阁转向及发动机异响 变速箱顿挫,"A9,B19,D59,E43,E159,H68,H144,",2020-06-13,处理反馈,2018,,, 260TURBO 精英版 国V
483905,一汽马自达,阿特兹,一汽马自达阿特兹转向机异响要求尽快解决,"D59,",2020-06-13,信息审核,2020,2.5L,, 蓝天尊崇版
483903,吉利汽车,星越,吉利星越车机卡顿与厂家宣传不一致,"H134,M279,",2020-06-13,用户评分,2019,350T,, AWD 驭星者
483901,北京现代,名图,北京现代名图解锁后右后视镜无法展开,"H211,",2020-06-13,信息审核,2017,1.8L,自动, 尊贵型 DLX 国V
483899,奇瑞新能源,瑞虎e,奇瑞瑞虎e续航不足 刹车异响 无法保养车辆,"E43,H344,O326,",2020-06-13,厂家受理,2019,,, 行享版
483896,上汽通用五菱,宝骏310W,宝骏310W锦湖轮胎脱皮存在质量问题,"F186,",2020-06-13,厂家受理,2017,1.5L,手动, 时尚型 国V
483894,上汽大众,凌渡,上汽大众凌渡变速箱拖挡 挂挡打齿严重,"B33,B69,",2020-06-13,信息审核,2019,230TSI,, DSG 风尚版 国V
483892,一汽马自达,马自达CX-4,一汽马自达CX-4车内大面积异响要求处理,"H72,H93,H15,",2020-06-13,信息审核,2020,2.0L,自动, 两驱 蓝天品位版
483889,吉利汽车,博越,吉利博越挡位指示灯与厂家宣传不符,"M279,",2020-06-13,处理反馈,2020,1.8TD,, DCT 智领PRO
483883,一汽-大众奥迪,奥迪A3,一汽大众奥迪A3中控台 A柱 前挡风玻璃异响,"B19,H72,H93,H15,",2020-06-13,信息审核,2020,,, Limousine 35 TFSI 时尚型 国VI
483882,江铃汽车,驭胜S330,江铃驭胜S330天窗生锈漏水 大灯开关故障,"G52,H79,H72,H90,H71,",2020-06-13,信息审核,2016,1.5L,自动, GTDi  两驱 旗舰版
483881,一汽-大众,速腾,一汽大众速腾佳通轮胎表面出现裂纹,"F100,",2020-06-13,处理反馈,2018,1.6L,手动, 舒适型
483880,一汽-大众,迈腾,一汽大众迈腾变速箱机电模块故障要求解决,"B84,",2020-06-13,处理反馈,2017,330TSI,, DSG 领先型
483878,吉利汽车,星越,吉利星越车机系统卡顿 影音系统故障,"H134,M279,",2020-06-13,厂家受理,2019,350T,, 耀星者
483877,一汽马自达,阿特兹,一汽马自达阿特兹车身异响 售后拖延不解决,"H15,I282,",2020-06-13,信息审核,2020,2.5L,, 蓝天运动版
483874,吉利汽车,博越,吉利博越经销商售后服务态度极差要求解决,"I293,",2020-06-13,厂家受理,2020,1.8TD,, DCT 智慧PRO
483873,一汽马自达,阿特兹,一汽马自达阿特兹AB柱及中控台异响严重,"H93,H15,H89,",2020-06-13,信息审核,2020,2.5L,, 蓝天运动版
483871,广汽本田,雅阁,广汽本田雅阁钥匙亏电4S店不检测是否漏电,"J299,",2020-06-13,处理反馈,2016,2.0L,, CVT  舒适版
483868,东风悦达起亚,起亚K3,东风悦达起亚K3打方向时存在严重异响,"D59,",2020-06-13,处理反馈,2016,1.6L,自动, GLS
483867,上汽集团,荣威i6新能源,上汽荣威i6新能源行驶中无动力加油不走,"A341,",2020-06-13,处理反馈,2017,,, 45T 混动 互联智享版
483866,长安汽车,长安CS55,长安CS55变速器卡顿异响影响正常驾驶,"B33,B77,",2020-06-13,处理反馈,2017,1.5T,手动, 炫动型
483865,东风雪铁龙,雪铁龙C6,东风雪铁龙C6天窗异响 测距雷达故障要收费,"H89,K307,",2020-06-13,处理反馈,2017,,, 380THP 尊贵型
483860,一汽马自达,阿特兹,一汽马自达阿特兹方向机异响维修未解决,"D59,D265,J298,",2020-06-13,信息审核,2017,2.5L,, 蓝天运动版
483857,东风雪铁龙,雪铁龙C4L,东风雪铁龙C4L方向盘抖动 发动机烧机油,"A34,A63,D80,",2020-06-13,处理反馈,2013,1.6THP,自动, 劲智版
483856,一汽马自达,马自达CX-4,一汽马自达CX-4中控及扶手箱异响,"H164,H93,",2020-06-13,信息审核,2016,2.0L,自动, 两驱蓝天品位版
483852,东风标致,标致308,东风标致308油表不准希望厂家处理问题,"H202,",2020-06-13,处理反馈,2014,1.6L,自动, 乐享版 经典 风尚型
483851,吉利汽车,远景,吉利远景发动机皮带轮附近有异响,"A9,",2020-06-13,厂家受理,2018,1.5L,自动, 幸福版
483850,广汽本田,雅阁,广汽本田雅阁发动机漏油未给出解决方案,"A12,",2020-06-13,处理反馈,2018,2.0L,, 锐领版 锐·混动 国VI
483849,吉利汽车,星越,吉利星越车机系统卡顿升级服务未兑现,"H155,L314,O348,",2020-06-13,处理反馈,2020,350T,, 魅影骑士版AWD
483847,吉利汽车,帝豪GL,吉利帝豪GL右后刹车灯进水雾影响照明,"H88,",2020-06-13,厂家受理,2017,1.8L,自动, 精英型
483846,吉利汽车,远景,吉利远景变速箱挂挡无法加速要求解决,"B334,",2020-06-13,处理反馈,2016,1.5L,自动, 幸福版
483844,东风雪铁龙,雪铁龙C6,东风雪铁龙C6涡轮增压进气管脱落厂家不解决,"A189,",2020-06-13,信息审核,2017,350THP,, 豪华型
483842,一汽-大众奥迪,奥迪A4L,一汽大众奥迪A4L防冻液壶破裂要求更换,"H168,",2020-06-13,信息审核,2015,2.0T,自动, CVT 舒适型
483841,上汽大众,朗逸,上汽大众朗逸变速箱脱挡右前车门掉漆	,"B33,B246,H81,",2020-06-13,信息审核,2019,1.5L,自动, 舒适版 国VI
483840,奇瑞汽车,瑞虎8,奇瑞瑞虎8经销商赠送保养承诺不兑现,"L313,",2020-06-13,处理反馈,2019,,自动, 1.6TGDI 精英型
483839,一汽马自达,阿特兹,一汽马自达阿特兹车内多处异响希望尽快处理,"H164,",2020-06-13,信息审核,2020,2.5L,, 蓝天运动版
483832,吉利汽车,星越,吉利星越车机与宣传不符 车辆无机油尺,"M279,Q322,",2020-06-13,处理反馈,2019,350T,, 耀星者
483829,一汽红旗,红旗H5,红旗H5车辆被4S店员工剐蹭掉漆希望处理,"I295,I293,J300,",2020-06-13,信息审核,2019,,, 30TD 灵动版
483827,广汽本田,飞度,广汽本田飞度发动机异响希望尽快处理,"A9,",2020-06-13,处理反馈,2018,1.5L,, CVT 舒适天窗版
483825,东风日产,天籁,东风日产天籁变速箱漏油 发动机烧机油,"A63,B22,D58,",2020-06-13,处理反馈,2013,2.0L,, XL 舒适版
483824,长城汽车,哈弗H7,哈弗H7经销商出售库存车要求厂家解决,"M283,",2020-06-13,处理反馈,2016,2.0T,, 精英型
483822,华晨中华,中华V7,华晨中华V7经销商无配件希望尽快处理,"N318,",2020-06-13,信息审核,2018,,, 280T DCT 尊贵型 5座
483820,众泰汽车,众泰SR7,众泰SR7副驾驶气囊异响 手套箱异响,"H164,",2020-06-13,处理反馈,2017,1.5T,手动, 魔方之梦版
483819,东风雪铁龙,雪铁龙C4L,东风雪铁龙C4L转向柱松动4S 店不予免费处理,"D337,I297,",2020-06-13,处理反馈,2014,1.6THP,自动, 智驱版 劲智型
483818,吉利汽车,星越,吉利星越车机卡顿承诺升级系统不兑现,"H134,L314,O348,",2020-06-13,处理反馈,2019,350T,, AWD 驭星者
483817,一汽马自达,马自达CX-4,一汽马自达CX-4行驶过程中B柱和C柱有异响,"H15,",2020-06-13,信息审核,2020,2.0L,自动, 两驱 蓝天活力版
483816,吉利汽车,星越,吉利星越车机系统卡顿死机无法正常使用,"H134,H155,",2020-06-13,处理反馈,2019,350T,, 耀星者
483813,一汽马自达,马自达CX-4,一汽马自达CX-4副驾驶侧B柱和C柱有异响,"H164,H15,",2020-06-13,信息审核,2020,2.0L,自动, 两驱 蓝天活力版
483812,领克汽车,领克01,领克01行驶中突然断电发动机无法启动,"A44,H110,",2020-06-13,用户评分,2017,2.0T,, 双离合 四驱 时间限量版
483805,比亚迪,速锐,比亚迪速锐行驶中方向盘抖动 转向失去助力,"D80,D156,",2020-06-13,处理反馈,2012,,自动, 1.5TID 旗舰型
483795,一汽马自达,马自达CX-4,一汽马自达CX-4中控台异响 A柱及B柱异响	,"H164,H93,",2020-06-13,信息审核,2020,2.0L,自动, 两驱 蓝天活力版
483794,上汽集团,名爵6,上汽名爵6左侧后视镜异响4S店维修使用旧件,"H211,N316,",2020-06-13,处理反馈,2017,20T,手动, 豪华智联版 国V
483790,华晨宝马,宝马X3,华晨宝马X3蒸发器损坏导致空调不制冷,"H101,",2020-06-13,信息审核,2019,,, xDrive28i M运动套装
483789,东风标致,标致308,东风标致308发动机熄火启动困难故障灯亮,"A34,A14,A44,",2020-06-13,处理反馈,2016,,自动, 230THP 豪华版
483784,一汽马自达,阿特兹,一汽马自达阿特兹中控台与BC柱异响,"H164,H93,",2020-06-13,信息审核,2020,2.5L,, 蓝天运动版
483783,一汽-大众奥迪,奥迪A3,一汽大众奥迪A3经销商不退订金要求处理,"K309,",2020-06-13,信息审核,2020,,, Sportback 35 TFSI 进取型 国VI
483776,长安汽车,长安CS35,长安CS35开空调发动机噪音大要求处理,"A38,",2020-06-13,处理反馈,2016,1.6L,自动, 豪华型 国V
483775,北京现代,索纳塔九,北京现代索纳塔九保养记录未上传厂家未回复,"I294,J299,",2020-06-13,信息审核,2015,2.4L,自动,  TOP旗舰型
483774,一汽马自达,阿特兹,一汽马自达阿特兹未按时交车 不退订金,"K309,L312,",2020-06-13,信息审核,2020,2.5L,, 蓝天尊崇版
483771,上汽大众,途安,上汽大众途安变速箱漏顿挫多次维修未解决	,"B33,B19,B22,B95,J298,",2020-06-13,信息审核,2011,1.4TSI,, DSG 智雅版 5座
483768,东风本田,本田CR-V,东风本田CR-V真皮方向盘严重起皮掉渣,"H81,",2020-06-13,处理反馈,2017,2.0L,, 净致版 混动
483766,长安汽车,逸动DT,长安逸动DT没有排气管隔热瓦希望处理,"Q350,",2020-06-13,处理反馈,2019,1.6L,自动, 智享型 国VI
483765,上汽大众,朗逸,上汽大众朗逸变速箱发动机漏油严重,"A12,B22,",2020-06-13,信息审核,2015,,手动, 1.6 舒适版
483763,东风悦达起亚,起亚K3,东风悦达起亚K3仪表提示请挂入P挡,"B96,",2020-06-13,处理反馈,2019,1.5L,, CVT 新锐版
483759,东风悦达起亚,KX3傲跑,东风悦达起亚KX3傲跑保险杠半脱落,"H179,",2020-06-13,厂家受理,2020,1.5L,, CVT 舒适版
483758,长安汽车,长安欧尚X7,长安欧尚X7变速箱控制系统异常,"B96,",2020-06-13,厂家受理,2020,1.5T,自动, 尊贵型
483757,一汽-大众,探岳,一汽大众探岳大灯有阴影影响大灯透光,"H82,",2020-06-13,处理反馈,2019,330TSI,, 两驱 豪华型 国Ⅵ
483756,一汽马自达,马自达CX-4,一汽马自达CX-4车身异响希望尽快处理	,"H15,",2020-06-13,信息审核,2020,2.0L,自动, 两驱 蓝天活力版
483755,北京奔驰,奔驰GLA,北京奔驰GLA保质期内发动机底部漏油,"A12,",2020-06-13,信息审核,2019,,, 200 时尚型
483754,北京奔驰,奔驰C级,北京奔驰C级空调不制冷希望尽快处理,"H101,",2020-06-13,信息审核,2017,,, 改款 C 200 运动版
483753,广汽讴歌,讴歌CDX,广汽欧歌CDX仪表显示检查变速器,"B96,",2020-06-13,信息审核,2019,1.5T,, 两驱 畅享版
483751,林肯（进口）,大陆,林肯大陆车辆左右B柱异响影响使用,"H164,",2020-06-13,信息审核,2019,2.0T,, 两驱 尊享版 国VI
483746,北汽银翔,幻速S6,北汽幻速S6发动机噪音大后视镜漆面变色,"A38,H201,",2020-06-13,信息审核,2017,1.5T,手动, 智能型
483745,吉利汽车,星越,吉利星越车机出现死机系统无法升级,"H155,L314,",2020-06-13,处理反馈,2019,350T,, 改款 耀星者
483743,东风日产,天籁,东风日产天籁智联APP功能无法使用,"H155,",2020-06-13,处理反馈,2019,2.0L,, XL Upper 智行版
483740,东风悦达起亚,智跑,东风悦达起亚智跑冷车启动时发动机异响,"A9,G171,",2020-06-13,处理反馈,2018,2.0L,自动, 智享豪华版
483738,汉腾汽车,汉腾X5,汉腾X5空调冷热不能转换只有热风,"H101,",2020-06-13,信息审核,2018,1.5L,手动, 精英版
483737,广汽讴歌,讴歌CDX,广汽讴歌CDX行驶时变速箱顿挫严重	,"B19,",2020-06-13,信息审核,2016,1.5T,, 两驱尊享版
483736,北京现代,悦动,北京现代悦动引擎盖漆面有气泡存在黑点,"H81,",2020-06-13,信息审核,2018,1.6L,自动, 悦目版 GL 国VI
483735,一汽马自达,阿特兹,一汽马自达阿特兹AB柱异响4S店无法解决	,"H164,",2020-06-13,信息审核,2020,2.5L,, 蓝天运动版
483734,一汽-大众,宝来,一汽大众宝来前风挡玻璃开裂希望处理,"H113,",2020-06-13,处理反馈,2019,1.5L,自动, 精英型
483730,北京现代,菲斯塔,北京现代菲斯塔方向盘异响希望得到处理,"D59,",2020-06-13,信息审核,2019,,, 280TGDi 运动版 国VI
483729,一汽-大众,速腾,一汽大众速腾变速箱顿挫 没有坡道辅助,"B19,M279,",2020-06-13,处理反馈,2019,280TSI,, DSG 豪华型 国VI
483725,北京现代,菲斯塔,北京现代菲斯塔方向管柱异响多次更换无果,"D59,J298,",2020-06-13,信息审核,2019,,, 280TGDi 智速版 国VI
483721,一汽马自达,阿特兹,一汽马自达阿特兹车内多处异响希望处理,"H164,H93,",2020-06-13,信息审核,2020,2.5L,, 蓝天尊崇版
483720,一汽-大众奥迪,奥迪A4L,一汽大众奥迪A4L车内异味严重甲醛苯严重超标,"H185,",2020-06-13,信息审核,2018,1.4T,, 进取型 30周年年型
483717,吉利汽车,帝豪,吉利帝豪变速箱漏油维修后未解决,"B22,",2020-06-13,处理反馈,2019,1.5L,手动, 领军版 时尚型 国V
483716,一汽马自达,阿特兹,一汽马自达阿特兹车内多处异响希望处理。,"H72,H164,H93,H31,",2020-06-13,信息审核,2020,2.5L,, 蓝天尊崇版
483715,一汽丰田,亚洲龙,一汽丰田亚洲龙天窗异响一直无法解决,"H89,",2020-06-13,信息审核,2019,2.5L,, Touring 尊贵版 国Ⅵ
483713,一汽马自达,阿特兹,一汽马自达阿特兹优科豪马轮胎侧面鼓包,"F39,",2020-06-13,信息审核,2020,2.5L,, 蓝天运动版
483711,一汽马自达,阿特兹,一汽马自达阿特兹B柱异响严重影响驾驶,"H164,",2020-06-13,信息审核,2020,2.5L,, 蓝天尊崇版
483708,一汽奔腾,奔腾T77,奔腾T77遥控钥匙失灵无法正常使用,"A34,H119,",2020-06-13,信息审核,2019,,自动, 230 TID 舒适型 国V
483705,一汽-大众,探岳,一汽大众探岳发现左大灯透镜内有白色雾状,"H82,",2020-06-13,处理反馈,2019,330TSI,, 两驱 豪华型 国Ⅵ
483703,东风日产,天籁,东风日产天籁减震器异响 车漆略薄,"G52,",2020-06-13,处理反馈,2019,2.0L,, XL 舒适版
483699,一汽马自达,阿特兹,一汽马自达阿特兹车内异响严重希望尽快处理,"H164,H209,",2020-06-13,信息审核,2020,2.5L,, 蓝天运动版
483695,北汽新能源,北汽新能源EX,北汽新能源EX系列右前轮毂轴承处有异响,"G125,",2020-06-13,处理反馈,2018,,, EX360 新尚版
483694,东风本田,INSPIRE,东风本田INSPIRE后排饰板存在异响,"H72,",2020-06-13,处理反馈,2019,2.0L,, 锐·混动 净尚版 国V
483693,一汽丰田,奕泽IZOA,一汽丰田奕泽减震器漏油中控共振及异响,"G25,H93,",2020-06-13,信息审核,2018,2.0L,, 奕驰版 国V
483691,吉利汽车,帝豪GS,吉利帝豪GS发动机抖动前悬挂减震异响,"A24,B19,G52,G56,",2020-06-13,处理反馈,2016,,自动, 1.3T 臻尚型 优雅版
483690,众泰汽车,众泰T700,众泰T700右后减震器漏油没有配件,"G25,G51,N318,",2020-06-13,用户评分,2017,1.8T,, 双离合 旗舰型
483687,一汽马自达,阿特兹,一汽马自达阿特兹B柱中控后排异响,"H164,H93,",2020-06-13,信息审核,2020,2.5L,, 蓝天尊崇版
483685,吉利汽车,嘉际,吉利嘉际车机无法升级 前桥方向机异响,"D59,G158,O348,",2020-06-13,处理反馈,2019,1.5TD,, MHEV DCT 臻享型
483683,一汽马自达,阿特兹,一汽马自达阿特兹行驶过程中B柱有异常响声,"H164,",2020-06-13,信息审核,2020,2.5L,, 蓝天运动版
483677,北汽新能源,EV系列,北汽新能源EV系列电机故障导致失去动力,"H343,",2020-06-13,处理反馈,2015,,, EV160 轻秀版
483675,东风雪铁龙,世嘉,东风雪铁龙世嘉碳罐堵塞油表显示不准,"H271,",2020-06-13,用户评分,2013,1.6L,手动, 品享型 三厢
483671,一汽马自达,阿特兹,一汽马自达阿特兹中控台与踩刹车底盘异响,"G56,H93,",2020-06-13,信息审核,2020,2.5L,, 蓝天运动版
483661,一汽马自达,阿特兹,一汽马自达阿特兹中控与AB柱异响,"H164,H93,",2020-06-13,信息审核,2020,2.5L,, 蓝天尊崇版
483660,东风标致,标致408,东风标致408发动机烧机油 空调不制冷,"A63,H101,",2020-06-13,处理反馈,2015,1.2T,自动, 豪华版
483659,上汽集团,名爵HS,上汽名爵HS电瓶亏电导致无法启动,"H146,",2020-06-13,处理反馈,2019,20T,自动, 两驱 Trophy超跑版 国VI
483656,猎豹汽车,猎豹CS10,猎豹CS10刹车偏软影响安全驾驶希望处理,"E269,",2020-06-13,信息审核,2017,2.0T,手动, 风尚型
483653,沃尔沃亚太,沃尔沃S60,沃尔沃S60开启制冷后存在水流声和口哨声,"H101,",2020-06-13,信息审核,2018,2.0T,, T4 智远版
483651,吉利汽车,帝豪,吉利帝豪后排顶灯无故掉落要求处理,"H179,",2020-06-13,处理反馈,2014,,手动, 1.3T 尊贵型 三厢
483650,东风日产,逍客,东风日产逍客变速箱阀体故障希望处理,"B115,",2020-06-13,处理反馈,2016,2.0L,, CVT 豪华版
483649,一汽丰田,亚洲龙,一汽丰田亚洲龙车内异响严重希望处理,"H164,",2020-06-13,信息审核,2019,2.5L,, 双擎 XLE 尊贵版 国Ⅵ
483646,东风标致,标致408,东风标致408正时皮带掉毛发动机烧机油,"A63,A336,",2020-06-13,处理反馈,2015,1.2T,自动, 豪华版
483643,上汽大众,朗逸,上汽大众朗逸变速箱异响希望得到处理,"B33,",2020-06-12,信息审核,2019,280TSI,, DSG 豪华版 国VI
483642,吉利汽车,吉利icon,吉利icon厂家置换补贴政策不兑现,"L313,",2020-06-12,信息审核,2020,300T,, i9 BSG
483641,奇瑞汽车,艾瑞泽GX,奇瑞艾瑞泽GX车门生锈严重希望尽快处理,"H79,",2020-06-12,处理反馈,2018,1.5T,, CVT 型色版 国V
483636,上汽斯柯达,速派,斯柯达速派经销商无配件导致维修时间长,"N318,",2020-06-12,信息审核,2019,TSI280,, 改款 DSG 舒适版
483633,一汽马自达,阿特兹,一汽马自达阿特兹车内异响严重影响驾驶	,"H164,",2020-06-12,信息审核,2020,2.5L,, 蓝天运动版
483630,东风标致,标致408,东风标致408底盘异响多次维修未解决,"G56,J298,",2020-06-12,处理反馈,2014,1.8L,自动, 豪华版
483628,一汽-大众,T-ROC探歌,一汽大众探歌大灯发白影响夜晚驾驶安全,"H82,",2020-06-12,处理反馈,2019,280TSI,, DSG 两驱 进取型 国VI
483627,东风雪铁龙,C4世嘉,东风雪铁龙C4世嘉方向盘抖动异响,"D59,D80,",2020-06-12,处理反馈,2016,1.6L,自动, 舒适型
483626,上汽大众,朗逸,上汽大众朗逸韩泰轮胎开裂影响安全,"F100,",2020-06-12,信息审核,2017,1.6L,自动, 舒适版
483625,一汽-大众,高尔夫,一汽大众高尔夫两次出现传动装置报警,"B96,",2020-06-12,处理反馈,2016,1.6L,自动,  时尚型
483624,一汽马自达,阿特兹,一汽马自达阿特兹B柱及中控异响	,"H164,H93,",2020-06-12,信息审核,2020,2.5L,, 蓝天尊崇版
483621,江淮汽车,江淮iEV7S,江淮iEV7S动力电池易断电抛锚影响使用,"H343,",2020-06-12,信息审核,2017,,, 智尊型
483619,上汽集团,名爵HS,上汽名爵HS大灯经常性起雾希望处理,"H88,",2020-06-12,处理反馈,2019,20T,自动, 两驱 豪华版 国VI
483618,一汽-大众,探岳,一汽大众探岳变速箱异响顿挫 大灯发白,"B33,B19,E47,H82,",2020-06-12,用户评分,2019,330TSI,, 两驱 豪华型Plus 国VI
483617,北京现代,菲斯塔,北京现代菲斯塔高速行驶中涡轮增压突然失效,"A189,",2020-06-12,信息审核,2019,,, 280TGDi 智速版 国V
483616,一汽丰田,卡罗拉,一汽丰田卡罗拉车内异味严重影响健康,"H185,",2020-06-12,信息审核,2017,1.8L,, CVT 精英版 改款 双擎
483615,长安马自达,马自达3 昂克赛拉,长安马自达昂克赛拉首保完后方向盘偏,"D154,J300,",2020-06-12,信息审核,2020,2.0L,自动, 质雅版
483614,广汽新能源,Aion S(埃安S),广汽新能源Aion S新车就出现空调不制冷,"H101,",2020-06-12,处理反馈,2019,,, 炫 630
483613,广汽丰田,汉兰达,广汽丰田汉兰达换装屏幕后出现故障,"H134,",2020-06-12,信息审核,2018,2.0T,, 四驱 豪华版 7座 国VI
483612,一汽丰田,RAV4荣放,一汽丰田RAV4荣放两侧排气管高低不一致	,"H209,",2020-06-12,信息审核,2020,2.0L,, CVT 两驱 风尚PLUS版
483607,一汽马自达,阿特兹,一汽马自达阿特兹车身内饰多处异响,"D59,H164,H15,",2020-06-12,信息审核,2020,2.5L,, 蓝天尊崇版
483606,一汽马自达,阿特兹,一汽马自达阿特兹ABC柱与中控异响,"H164,H93,",2020-06-12,信息审核,2020,2.5L,, 蓝天运动版
483605,上汽大众,朗逸,上汽大众朗逸变速箱异响希望尽快处理,"B33,",2020-06-12,信息审核,2018,280TSI,, DSG 舒适版 国V
483604,东风标致,标致4008,宝骏610跑高速车身抖动希望得到处理,"H268,",2020-06-12,处理反馈,2017,350THP,, 精英版
483600,一汽马自达,阿特兹,一汽马自达阿特兹车内异响严重希望处理,"H164,",2020-06-12,信息审核,2020,2.5L,, 蓝天运动版
483598,吉利汽车,远景,吉利远景导航故障 行驶跑偏 变速箱报警,"B96,G117,H21,",2020-06-12,处理反馈,2016,1.5L,自动, 幸福版
483593,一汽马自达,马自达CX-4,一汽马自达CX-4 ABC柱与中控台异响严重,"H164,H93,",2020-06-12,信息审核,2020,2.0L,自动, 两驱 蓝天活力版
483592,众泰汽车,众泰T700,众泰T700主驾驶玻璃升降器不管用,"H67,N318,",2020-06-12,处理反馈,2017,1.8T,, 双离合 尊贵型
483589,福特（进口）,Mustang,福特Mustang赠送免费保养不兑现,"L313,",2020-06-12,厂家受理,2019,,, 2.3L EcoBoost
483587,上汽集团,名爵ZS,上汽名爵ZS经销商倒闭不退押金 赠送不兑现,"K309,L313,",2020-06-12,处理反馈,2020,,自动, 260TGI Trophy Pro L2+
483586,奇瑞汽车,捷途X70,捷途X70发动机怠速抖动严重希望处理,"A24,",2020-06-12,处理反馈,2018,1.5T,手动, 悦行版
483584,一汽丰田,RAV4荣放,一汽丰田RAV4荣放前轮半轴防尘套渗油	,"G51,",2020-06-12,信息审核,2016,2.0L,, CVT 两驱 风尚版 国V
483581,奇瑞汽车,捷途X70,捷途X70发动机异响 怠速异响无法解决,"A9,",2020-06-12,处理反馈,2020,1.5T,手动, 畅行版 7座
483577,广汽丰田,凯美瑞,广汽丰田凯美瑞仪表台高温出油粘手,"H176,",2020-06-12,信息审核,2009,,自动, 240G 豪华版
483576,一汽-大众,高尔夫,一汽大众高尔夫变速箱顿挫异响希望处理,"B33,B19,",2020-06-12,处理反馈,2016,1.6L,自动,  时尚型
483574,一汽-大众,探岳,一汽大众探岳变速器异响 大灯透镜起白雾,"B33,H82,I293,",2020-06-12,处理反馈,2019,330TSI,, 两驱 豪华型 国Ⅵ
483572,奔驰（进口）,奔驰C级（进口）,进口奔驰C级车内异味希望厂家召回	,"H185,",2020-06-12,信息审核,2015,,, 200 旅行轿车
483567,一汽马自达,阿特兹,一汽马自达阿特兹变速箱漏油 油底壳掉漆	,"B22,",2020-06-12,信息审核,2018,2.5L,, 蓝天运动版 国V
483566,东风标致,标致408,东风标致408空调不制冷希望得到处理,"H101,",2020-06-12,处理反馈,2014,1.8L,自动, 豪华版
483563,一汽马自达,阿特兹,一汽马自达阿特兹发动机漏油 B柱和天窗异响,"A12,H164,H89,",2020-06-12,信息审核,2020,2.5L,, 蓝天尊崇版
483562,奇瑞汽车,艾瑞泽5,奇瑞艾瑞泽5行驶过程中天窗自动打开关不上,"H192,",2020-06-12,处理反馈,2016,1.5L,, CVT 领锐版
483561,吉利汽车,吉利GX7,吉利GX7冷车启动发动机异响升挡顿挫,"A9,B19,",2020-06-12,处理反馈,2015,2.0L,自动, 尊享型 运动版
483560,广汽丰田,YARiS L 致炫,广汽丰田致炫发动机二缸不工作要求处理,"A91,",2020-06-12,信息审核,2016,,手动, 1.5G 炫动版 改款
483559,东风日产,逍客,东风日产逍客变速箱异响顿挫不升挡,"B33,B19,B20,",2020-06-12,处理反馈,2016,2.0L,, CVT 精英版
483558,一汽-大众,探岳,一汽大众探岳发动机EPC报警 无法启动,"A34,A44,H170,",2020-06-12,处理反馈,2019,330TSI,, 两驱 豪华型 国Ⅵ
483556,一汽丰田,RAV4荣放,一汽丰田RAV4荣放车门出现明显鼓包,"H81,",2020-06-12,信息审核,2016,2.0L,, CVT 两驱 风尚版 国V
483555,吉利汽车,帝豪,吉利帝豪经销商喷漆表面粗糙损坏其他部位,"J300,J303,",2020-06-12,处理反馈,2018,1.5L,手动, 向上互联版
483554,一汽-大众,高尔夫,一汽大众高尔夫换挡逻辑设计不合理,"B96,",2020-06-12,处理反馈,2015,1.6L,自动, 舒适型
483552,广汽丰田,雷凌,广汽丰田雷凌低速顿挫 刹车有拖拽感	,"B19,I295,I294,",2020-06-12,信息审核,2019,,, 185T CVT 豪华版 国VI
483549,长城汽车,哈弗F5,哈弗F5起步换挡变速箱严重顿挫,"B19,",2020-06-12,处理反馈,2018,1.5T,, i型版
483547,一汽-大众,宝来,宝来发动机异响 销售指定贷款及保险公司,"I293,K325,",2020-06-12,处理反馈,2016,1.6L,自动, 时尚型
483545,东风雷诺,科雷傲,东风雷诺科雷傲发动机抖 变速箱顿挫 刹车异响	,"A24,B19,E43,H185,",2020-06-12,信息审核,2017,2.0L,, 两驱 豪华版
483543,华晨宝马,宝马5系新能源,华晨宝马5系新能源暴晒方向盘控制失灵,"H134,",2020-06-12,信息审核,2020,,, 530Le 里程升级版 豪华套装
483542,吉利汽车,博越,吉利博越Pro无前雾灯与宣传不符要求加装,"M279,",2020-06-12,处理反馈,2020,1.8TD,, DCT 智领PRO
483541,东风日产,逍客,东风日产逍客变速箱加速无力4S店不给保修,"B334,I295,I297,I293,",2020-06-12,处理反馈,2017,2.0L,, CVT 精英版 国Ⅵ
483540,一汽-大众奥迪,奥迪A4L,一汽大众奥迪刹车异响变速箱降挡顿挫异响,"B33,E43,I295,",2020-06-12,信息审核,2019,,, 40 TFSI 时尚型 国V
483538,吉利汽车,星越,吉利星越车机系统卡顿希望厂家尽快解决,"H155,",2020-06-12,用户评分,2019,350T,, 耀星者
483537,一汽红旗,红旗HS5,一汽红旗HS5车内异响严重4S店未解决,"H164,I295,J298,",2020-06-12,信息审核,2019,2.0T,, 智联旗享四驱版
483536,上汽大众,凌渡,上汽大众凌渡空调异味严重4S店不给解决,"H121,I295,",2020-06-12,信息审核,2018,280TSI,, 双离合 舒适版
483535,东风风行,景逸X5,东风风行景逸X5行驶熄火希望得到处理,"A14,",2020-06-12,处理反馈,2019,1.5T,手动, X5L 豪华型
483533,东风雪铁龙,雪铁龙C4L,东风雪铁龙C4L发动机烧机油越来越严重,"A63,",2020-06-12,处理反馈,2013,1.8L,手动, 劲享版
483532,一汽-大众奥迪,奥迪A6L,一汽大众奥迪A6L变速箱倒车异响要求退车,"B33,I295,",2020-06-12,信息审核,2020,,, 45 TFSI 臻选动感型
483529,一汽马自达,阿特兹,一汽马自达阿特兹中控台B柱以及C柱异响	,"H93,H15,",2020-06-12,信息审核,2020,2.5L,, 蓝天运动版
483528,一汽-大众奥迪,奥迪A3,一汽大众奥迪A3换挡机构故障导致故障灯亮,"B96,B184,",2020-06-12,信息审核,2015,1.4T,, Limousine 双离合 百万纪念舒享型
483527,吉利汽车,缤越,吉利缤越刹车异响严重希望厂家处理,"E43,",2020-06-12,处理反馈,2019,260T,, 运动款 DCT Battle 国VI 运动款
483526,吉利汽车,星越,吉利星越车机系统无法升级厂家不处理,"H155,L314,O348,",2020-06-12,处理反馈,2019,350T,, 耀星者
483525,奇瑞汽车,捷途X70,捷途X70变速箱内部损坏要求厂家赔偿,"B77,",2020-06-12,处理反馈,2020,1.5T,手动, 畅行版 5座
483524,长城汽车,哈弗H2,哈弗H2变速箱低速异响踩下离合踏板后消失,"B33,",2020-06-12,处理反馈,2018,1.5T,手动, 两驱 风尚型 创享版 国V
483523,吉利汽车,博瑞,吉利博瑞行驶过程中变速箱有顿挫现象,"B19,",2020-06-12,处理反馈,2017,1.8T,, 尊贵型
483521,吉利汽车,星越,吉利星越拉杆变形方向盘无法回正,"G252,",2020-06-12,处理反馈,2020,350T,, 驭星者
483520,比亚迪,比亚迪S7,比亚迪S7变速箱控制单元损坏4S店不保修,"B20,B115,B246,I295,I297,J298,O324,",2020-06-12,用户评分,2015,2.0T,自动, 尊贵型
483519,奇瑞汽车,艾瑞泽5,奇瑞艾瑞泽5天窗自动打开无法关闭无配件,"H192,N318,",2020-06-12,处理反馈,2016,1.5L,手动, 领锐版
483516,吉利汽车,星越,吉利星越车机与宣传不符系统卡滞,"H155,L313,",2020-06-12,处理反馈,2019,350T,, 耀星者
483514,一汽马自达,马自达CX-4,一汽马自达CX-4车身中控与刹车异响,"E43,H93,H15,",2020-06-12,信息审核,2018,2.0L,自动, 两驱 蓝天活力版 国VI
483510,吉利新能源,嘉际新能源,吉利嘉际新能源车机蓝牙接电话无声音,"H134,H21,H155,O348,",2020-06-12,处理反馈,2019,1.5TD,, PHEV 尊享型
483508,上汽大众,朗逸,上汽大众朗逸离合器打滑变速箱跳挡,"B27,C16,",2020-06-12,信息审核,2017,230TSI,, 双离合 舒适版
483506,广汽本田,飞度,广汽本田飞度方向机卡滞4S店否认问题,"D123,I295,I297,L314,",2020-06-12,处理反馈,2004,,, 两厢飞度 1.5 MT
483505,一汽-大众奥迪,奥迪A3,一汽大众奥迪A3发动机舱内异响车身共振 ,"A9,B33,H268,H110,",2020-06-12,信息审核,2019,,, Sportback 35 TFSI 进取型 国V
483502,吉利汽车,星越,吉利星越车机系统卡顿导航版本低厂家未回复,"H134,H155,I294,L314,M279,",2020-06-12,处理反馈,2019,350T,, 耀星者
483499,一汽马自达,阿特兹,一汽马自达阿特兹行驶过程中B柱出现异响,"H15,",2020-06-12,信息审核,2020,2.5L,, 蓝天尊崇版
483498,一汽马自达,马自达CX-4,一汽马自达CX-4行驶时车身异响 刹车失灵,"E29,H15,",2020-06-12,信息审核,2020,2.0L,自动, 两驱 蓝天活力版
483496,一汽马自达,阿特兹,一汽马自达阿特兹车身异响无法解决,"H15,",2020-06-12,信息审核,2020,2.5L,, 蓝天尊崇版
483495,上汽集团,名爵6新能源,上汽名爵6新能源刹车失灵 电瓶亏电,"E29,H146,H234,",2020-06-12,处理反馈,2018,,, 45T E-DRIVE智驱混动 PILOT超级互联网版
483492,吉利汽车,星越,吉利星越车机卡顿黑屏闪退 系统不能更新,"H134,M279,",2020-06-12,处理反馈,2019,350T,, 耀星者
483488,众泰汽车,众泰T700,众泰T700轮胎吃胎偏磨厂家未回复处理,"G245,H168,I294,N318,",2020-06-12,处理反馈,2017,1.8T,, 双离合 尊享型
483487,东风标致,标致5008,东风标致5008在4S店首保后发动机烧机油,"A63,",2020-06-12,处理反馈,2019,,, 380THP 精英版 7座
483483,众泰汽车,众泰T600,众泰T600发动机漏防冻液4S店退网无法维修,"A37,C207,H168,H67,I295,I294,N318,O326,",2020-06-12,处理反馈,2017,1.5T,手动, 豪华 贺岁版
483482,吉利汽车,星越,吉利星越车机卡顿 车机系统与宣传不符,"H155,M279,",2020-06-12,处理反馈,2019,350T,, AWD 驭星者
483481,比亚迪,比亚迪F3,比亚迪F3发动机异响希望尽快得到处理,"A9,",2020-06-12,处理反馈,2016,1.5L,手动, 舒适型
483477,长城汽车,哈弗H6 Coupe,哈弗H6 Coupe悬架漆面开裂生锈厂家拒绝更换,"H79,H81,",2020-06-12,处理反馈,2016,1.5T,自动, 两驱精英型
483476,东风本田,本田CR-V,东风本田CR-V发动机自动熄火无法启动,"A24,A14,A44,",2020-06-12,处理反馈,2019,,, 240TURBO CVT 两驱 舒适版 国V
483472,上汽通用五菱,五菱宏光V,上汽通用五菱宏光V经销商出售库存车,"M283,",2020-06-12,信息审核,2019,1.5L,, 标准型 L2B
483469,一汽-大众,迈腾,一汽大众迈腾变速箱故障机电单元损坏,"B115,",2020-06-12,用户评分,2019,330TSI,, DSG 领先型 国V
483467,雷克萨斯,雷克萨斯ES,雷克萨斯ES机油增多超过标尺线刻度,"A339,",2020-06-12,信息审核,2020,,, 200 卓越版
483466,上汽大众,朗逸,上汽大众朗逸4S店出售库存车要求厂家处理,"M283,",2020-06-12,信息审核,2019,280TSI,, DSG 舒适版 国VI
483462,上汽集团,名爵ZS,上汽名爵ZS续保押金无法退还4S店退网,"K309,",2020-06-12,处理反馈,2017,1.5L,手动, 风尚版
483460,奇瑞汽车,捷途X70,捷途X70车身维修事故后出现生锈现象,"J300,J303,",2020-06-12,处理反馈,2019,1.5T,, DCT 悦行版
483458,吉利汽车,星越,吉利星越实车多项配置与厂家宣传不符	,"M279,",2020-06-12,厂家受理,2019,350T,, 改款 驭星者AWD
483457,北京现代,领动,北京现代领动涡轮增压器异响4S店不给保修,"A189,I297,J304,",2020-06-12,信息审核,2018,1.4T,, 双离合 炫动·活力型
483455,东风标致,标致308,东风标致308后门音响进水导致失灵,"H109,",2020-06-12,用户评分,2014,1.6L,手动, 乐享版 经典 优尚型
483454,众泰汽车,众泰T700,众泰T700A柱和C柱饰板有明显断裂现象,"H168,",2020-06-12,处理反馈,2017,1.8T,, 双离合 尊贵型
483450,吉利汽车,博瑞,吉利博瑞影音系统出现黑屏厂家不给保修,"H134,I297,",2020-06-12,用户评分,2015,1.8T,, 旗舰型
483447,上汽大众,朗逸,上汽大众朗逸更换离合器后变速箱挂挡顿挫,"B19,C87,I295,I297,J298,",2020-06-12,信息审核,2019,280TSI,, DSG 舒适版 国VI
483446,上汽通用五菱,五菱宏光,上汽通用五菱宏光发动机故障灯亮维修未解决,"A34,H234,",2020-06-12,处理反馈,2019,1.5L,, S 基本型 国VI LAR
483445,一汽马自达,阿特兹,一汽马自达阿特兹车内多处异响无法解决,"H164,",2020-06-12,用户评分,2020,2.5L,, 蓝天尊崇版
483444,众泰汽车,大迈X7,众泰大迈X7发动机无法启动厂家无配件,"A44,N318,",2020-06-12,信息审核,2017,2.0T,, DCT 旗舰型
483443,长安铃木,奥拓,长安铃木奥拓出现事故导致发动机舱自燃,"H103,H40,",2020-06-12,厂家受理,2016,,自动, 1.0L 豪华炫动版
483441,一汽马自达,阿特兹,一汽马自达阿特兹车身以及车门异响严重,"H72,H15,",2020-06-12,信息审核,2020,2.5L,, 蓝天尊崇版
483438,奇瑞汽车,艾瑞泽5,奇瑞艾瑞泽5行驶过程中前减震器有异响,"G52,",2020-06-12,处理反馈,2017,1.5L,手动, 精英版
483437,一汽丰田,RAV4荣放,一汽丰田RAV4荣放购车缴纳定金未退还,"K309,",2020-06-12,信息审核,2020,2.0L,, CVT 两驱 都市版
483436,奇瑞捷豹路虎,发现神行,奇瑞捷豹路虎发现神行天窗玻璃爆裂,"H113,",2020-06-12,处理反馈,2019,,, 240PS SE版 国VI
483434,上汽大众,途观L,上汽大众途观L高速行驶中后视镜有口哨声,"H211,",2020-06-12,信息审核,2019,,自动, 380TSI 四驱 智动豪华版 7座 国VI
483433,华晨宝马,宝马5系新能源,华晨宝马5系新能源高压电瓶多次出现故障,"A44,H101,H343,I295,I297,L314,",2020-06-12,处理反馈,2018,,, 530Le 豪华套装
483431,广汽本田,雅阁,广汽本田雅阁车身漆面有花纹无人处理问题,"H81,",2020-06-12,处理反馈,2018,,, 260TURBO 豪华版 国VI
483429,一汽马自达,阿特兹,一汽马自达阿特兹车内多处异响厂家未解决,"H164,H93,H89,I295,",2020-06-12,处理反馈,2020,2.5L,, 蓝天尊崇版
483428,吉利汽车,星越,吉利星越车机与宣传不符要求更换硬件升级,"H155,M279,",2020-06-12,处理反馈,2019,350T,, 耀星者
483423,一汽-大众奥迪,奥迪A6L,一汽大众奥迪A6L发动机熄火4S店不解决,"A24,A14,H155,I295,I281,J298,J300,J303,",2020-06-12,信息审核,2019,,, 45 TFSI 臻选动感型
483422,上汽大众,朗逸,上汽大众朗逸韩泰轮胎开裂影响行车安全,"F100,",2020-06-12,信息审核,2017,1.6L,自动, 舒适版
483420,一汽-大众,速腾,一汽大众速腾韩泰轮胎开裂厂家不给处理,"F100,",2020-06-12,用户评分,2018,280TSI,, 双离合 豪华型
483415,猎豹汽车,Mattu,猎豹Mattu变速箱无动力输出厂家不给处理,"B96,B334,I295,I294,",2020-06-12,信息审核,2018,1.6T,, GDI DCT 尊贵型
483412,一汽马自达,阿特兹,一汽马自达阿特兹B柱中控异响4S店不解决,"H164,H93,I295,",2020-06-12,用户评分,2020,2.5L,, 蓝天尊崇版
483411,云度新能源,云度π1,云度新能源π1转向机异响无配件厂家不处理,"D59,I295,N320,",2020-06-12,处理反馈,2018,,, Pro 乐派型
483409,东风本田,本田UR-V,东风本田UR-V机油增多存在质量问题,"A339,",2020-06-12,用户评分,2017,,, 240TURBO 两驱 豪华版 国V
483406,北汽新能源,北汽新能源EU5,北汽新能源EU5续航里程短轮胎吃胎偏磨,"G245,G125,H343,",2020-06-12,处理反馈,2019,,, R500 智风版
483404,一汽马自达,阿特兹,一汽马自达阿特兹车内两侧B柱异响,"H15,",2020-06-12,处理反馈,2020,2.0L,, 蓝天豪华版
483401,一汽-大众,探岳,一汽大众探岳大灯透镜发白 车灯亮度低,"H82,",2020-06-12,用户评分,2019,330TSI,, 两驱 豪华型 国V
483400,一汽马自达,阿特兹,一汽马自达阿特兹两侧B柱和中控台异响,"H93,H15,",2020-06-12,用户评分,2020,2.0L,, 蓝天豪华版
483399,一汽马自达,阿特兹,一汽马自达阿特兹行驶过程中B柱天窗有异响,"H93,H15,H89,",2020-06-12,处理反馈,2020,2.5L,, 蓝天运动版
483397,一汽-大众,速腾,一汽大众速腾韩泰轮胎开裂存在安全隐患,"F100,",2020-06-12,处理反馈,2018,280TSI,, DSG熠动版
483396,上汽大众,朗逸,上汽大众朗逸车内异味严重4S店无法处理,"H185,I295,",2020-06-12,信息审核,2017,1.6L,自动, 风尚版
483394,一汽马自达,阿特兹,一汽马自达阿特兹A柱B柱异响厂家不回复,"H164,I294,",2020-06-12,用户评分,2020,2.0L,, 蓝天豪华版
483392,吉利汽车,缤瑞,吉利缤瑞车机版本过低要求尽快升级,"H155,",2020-06-12,用户评分,2018,14T,, CVT 缤致版
483390,一汽马自达,马自达CX-4,一汽马自达CX-4 ABC柱及后备箱异响,"H164,H68,I295,",2020-06-12,用户评分,2020,2.0L,自动, 两驱 蓝天探索版
483387,吉利汽车,嘉际,吉利嘉际导航版本低 在线升级与宣传不符,"M279,",2020-06-12,用户评分,2019,1.5TD,, MHEV DCT 尊享型
483385,吉利汽车,嘉际,吉利嘉际实车配置与宣传不符不解决问题,"I295,I294,L314,M279,",2020-06-12,处理反馈,2019,1.5TD,, MHEV DCT 尊享型
483384,奇瑞汽车,旗云1,奇瑞旗云1车身生锈严重希望得到处理,"H79,",2020-06-12,处理反馈,2010,,手动, 1.0 标准型
483383,一汽-大众奥迪,奥迪A4L,一汽大众奥迪A4L低速行驶时变速箱顿挫,"B19,H134,",2020-06-12,信息审核,2019,,, 40 TFSI 时尚型 国VI
483382,一汽马自达,阿特兹,一汽马自达阿特兹车内与车身异响,"H164,H15,",2020-06-12,处理反馈,2020,2.5L,, 蓝天运动版
483381,东风乘用车,风神AX3,东风风神AX3副驾车门再次生锈厂家不保修,"H79,I295,I297,N316,",2020-06-12,处理反馈,2016,1.5L,手动, 致酷型
483379,东南汽车,东南DX7,东南DX7电子驻车系统故障希望尽快处理,"H170,",2020-06-12,处理反馈,2015,1.5T,自动,  尊贵型
483378,上汽大众,途观,上汽大众途观变速箱出现严重漏油的现象,"B22,",2020-06-12,信息审核,2016,280TSI,自动, 两驱 丝绸之路舒适版
483375,东风本田,艾力绅,东风本田艾力绅发动机熄火 空调不制冷,"A14,H101,J301,",2020-06-12,处理反馈,2016,2.4L,, 豪华版
483374,东风标致,标致308S,东风标致308S油箱故障导致加满油后抖动,"H271,",2020-06-12,处理反馈,2015,1.2T,自动, 劲驰版
483372,长安汽车,尼欧Ⅱ,长安尼欧Ⅱ动力电池断电存在安全隐患,"H343,",2020-06-12,厂家受理,2019,,, 灵动型
483368,江铃汽车,驭胜S350,江铃驭胜S350车身漆面生锈4S店不给处理,"H79,I295,I297,",2020-06-12,厂家受理,2014,,自动, 2.4T 四驱 柴油 豪华天窗版 7座
483366,一汽马自达,阿特兹,一汽马自达阿特兹两侧B柱和手套箱有异响,"H164,H15,",2020-06-12,处理反馈,2020,2.5L,, 蓝天尊崇版
483365,一汽丰田,RAV4荣放,一汽丰田RAV4荣放漆面鼓包中控台异响,"H81,H93,I295,I281,L314,",2020-06-12,信息审核,2020,2.0L,, CVT 四驱 尊贵版
483361,上汽大众,朗逸,上汽大众朗逸四条韩泰轮胎有裂纹,"F100,",2020-06-12,信息审核,2017,1.6L,手动, 舒适版
483358,奇瑞汽车,捷途X70,捷途X70中控屏无法显示 倒车雷达失灵,"H134,H289,",2020-06-12,处理反馈,2020,1.5T,, DCT 悦行版 5座
483357,一汽马自达,阿特兹,一汽马自达阿特兹车身B柱和顶棚异响,"H164,H15,",2020-06-12,处理反馈,2020,2.0L,, 蓝天豪华版
483356,一汽-大众,迈腾,大众迈腾变速箱异响顿挫 车门及天窗异响,"B33,B19,H72,H93,H89,",2020-06-12,处理反馈,2018,330TSI,, DSG 豪华型 改款
483355,东风标致,标致408,东风标致408召回皮带后烧机油厂家未回复,"A63,I294,",2020-06-12,厂家受理,2015,1.2T,自动, 豪华版
483354,吉利汽车,嘉际,吉利嘉际存在严重安全隐患要求厂家解决,"A160,H72,H155,H64,I295,",2020-06-12,处理反馈,2019,1.5TD,, MHEV DCT 尊享型
483351,一汽-大众奥迪,奥迪A4L,奥迪A4L变速箱顿挫 油耗高 厂家未回复,"A85,B19,I294,",2020-06-12,信息审核,2018,2.0T,, 时尚型 30周年年型
483348,北京奔驰,奔驰C级,北京奔驰C级空调无法制冷 蒸发箱支架断裂,"H101,H168,",2020-06-12,信息审核,2015,,, 200 L 改款
483347,一汽马自达,阿特兹,一汽马自达阿特兹车身异响 中控台异响,"H93,H15,",2020-06-12,处理反馈,2020,2.5L,, 蓝天尊崇版
483344,一汽-大众奥迪,奥迪A6L,一汽大众奥迪A6L发动机机油加注口渗油,"A12,B22,",2020-06-12,信息审核,2019,,, 45 TFSI 臻选动感型
483343,吉利汽车,博越,吉利博越3D音效消失升级后Carplay功能消失,"H134,O348,",2020-06-12,处理反馈,2018,1.8TD,自动, 两驱 智尊型 4G互联版
483341,众泰汽车,众泰Z500,众泰Z500质保期内出现的质量问题不予索赔,"I297,",2020-06-12,处理反馈,2015,1.5T,手动, 尊贵型
483340,领克汽车,领克01,领克01前轴承存在缺陷要求免费更换,"G125,",2020-06-12,处理反馈,2017,2.0T,自动, 两驱 型
483337,一汽马自达,马自达CX-4,一汽马自达CX-4车身异响 制动时抖动,"E111,H15,",2020-06-12,处理反馈,2018,2.0L,自动, 两驱 蓝天活力版 国VI
483335,江淮汽车,帅铃,江淮帅铃高速行驶时发动机熄火厂家不保修,"A14,I297,",2020-06-12,处理反馈,,,, 帅铃
483334,众泰汽车,众泰T500,众泰T500车载互联功能无法使用希望处理,"H155,",2020-06-12,处理反馈,2018,1.5T,自动, 智能互联尊贵型 5座
483333,一汽马自达,阿特兹,一汽马自达阿特兹中控台B柱天窗有异响,"H93,H15,H89,",2020-06-12,处理反馈,2020,2.5L,, 蓝天运动版
483331,一汽-大众,速腾,一汽大众速腾车内异味 转向和胎压监测报警,"H185,H170,H203,",2020-06-12,用户评分,2015,1.6L,自动,  舒适型
483329,一汽-大众,C-TREK蔚领,一汽大众蔚领车顶出现严重漏水的现象,"H109,H90,",2020-06-12,处理反馈,2017,1.6L,自动, 舒适型
483328,上汽通用五菱,五菱荣光V,上汽通用五菱荣光V刹车分泵异响,"E43,",2020-06-12,处理反馈,2018,1.5L,, 实用型
483327,东风日产,天籁,东风日产天籁主驾驶座椅加热效果差座椅晃动,"H169,",2020-06-12,处理反馈,2019,2.0L,, XL Upper 智行版
483326,一汽马自达,阿特兹,一汽马自达阿特兹车身异响维修后无法解决,"H15,",2020-06-12,处理反馈,2020,2.5L,, 蓝天运动版
483325,广汽本田,飞度,广汽本田飞度冷车启动发动机异响有打齿声,"A9,",2020-06-12,处理反馈,2014,1.5L,, CVT SE时尚型
483323,一汽马自达,阿特兹,一汽马自达阿特兹车身异响装饰条开胶,"H15,H179,",2020-06-12,处理反馈,2020,2.0L,, 蓝天豪华版
483321,一汽马自达,马自达CX-4,一汽马自达CX-4车身 天窗 方向盘异响,"D59,H15,H89,",2020-06-12,用户评分,2020,2.0L,自动, 两驱 蓝天领先版
483319,东风雪铁龙,世嘉,东风雪铁龙世嘉变速箱电磁阀故障,"B96,B115,",2020-06-12,处理反馈,2012,,自动, 1.6 品尚型 三厢
483318,广汽丰田,凯美瑞,广汽丰田凯美瑞转向异响经销商说正常,"D59,I292,",2020-06-12,处理反馈,2019,,, 2.5G 豪华版 国VI
483317,华晨宝马,宝马3系,华晨宝马3系发动机异响希望厂家处理问题,"A9,",2020-06-12,处理反馈,2018,,, 320Li 时尚型
483315,一汽-大众,高尔夫,一汽大众高尔夫变速箱异响顿挫严重,"B33,B19,",2020-06-12,处理反馈,2020,280TSI,, DSG 舒适型
483314,长安汽车,长安CS55 PLUS,长安CS55 PLUS起步3100转不换挡,"B20,",2020-06-12,处理反馈,2020,1.5T,自动, 炫色型
483312,广汽本田,飞度,广汽本田飞度行驶过程中顿挫严重,"B19,",2020-06-12,处理反馈,2018,1.5L,, CVT 舒适版
483311,吉利汽车,帝豪GS,吉利帝豪GS车身稳定系统故障4S店不解决,"A255,E74,I295,I297,J298,",2020-06-12,处理反馈,2016,,自动, 1.3T 领尚型 运动版
483308,一汽马自达,阿特兹,一汽马自达阿特兹车内异响厂家未解决,"H164,I295,",2020-06-12,处理反馈,2020,2.5L,, 蓝天尊崇版
483306,广汽本田,雅阁,广汽本田雅阁空调泵异响4S店不给解决,"H101,I295,J298,",2020-06-12,处理反馈,2018,,, 260TURBO 精英版 国VI
483305,长安凯程,神骐F30,长安神骐F30行驶中跑偏晃动厂家不处理,"G117,G204,G225,",2020-06-12,信息审核,2018,1.5L,, 精英版 短轴 DAM15L
483303,一汽马自达,阿特兹,一汽马自达阿特兹车内多处异响厂家不解决,"H164,H93,I295,",2020-06-12,处理反馈,2020,2.5L,, 蓝天尊崇版
483301,上汽大众,朗逸,上汽大众朗逸韩泰轮胎严重龟裂4S店不解决,"F100,I295,",2020-06-12,信息审核,2017,1.6L,自动, 舒适版
483300,一汽马自达,阿特兹,一汽马自达阿特兹车内多处异响厂家未解决,"H164,I295,J298,",2020-06-12,处理反馈,2020,2.5L,, 蓝天运动版
483299,长城汽车,哈弗F5,长城哈弗F5变速箱顿挫车机死机4S店不解决,"B19,H21,I295,O348,",2020-06-12,处理反馈,2018,1.5T,, i范版
483298,吉利汽车,帝豪GL,吉利帝豪GL变速箱抖动4S店多次维修未解决,"B95,B334,B115,C87,I295,J298,O348,",2020-06-12,用户评分,2018,1.8L,自动, 精英智联型
483295,上汽大众,朗逸,上汽大众朗逸颠簸路面行驶左前方异响,"D59,I295,",2020-06-12,信息审核,2017,1.6L,自动, 舒适版
483293,东风悦达起亚,凯绅,东风悦达起亚凯绅4S店强制购买保险,"K325,",2020-06-12,厂家受理,2017,1.8L,, GLS
483291,长安马自达,马自达3 昂克赛拉,长安马自达昂克赛拉中控屏内部有起泡的现象,"H134,",2020-06-12,厂家受理,2016,1.5L,自动, 豪华型 三厢
483290,众泰汽车,大迈X5,众泰大迈X5发动机故障 安全气囊故障,"A24,A34,H103,",2020-06-12,厂家受理,2017,1.5T,手动, 尊享型 白金版
483289,北京现代,领动,北京现代领动转向时有异响要求厂家处理,"D59,",2020-06-12,信息审核,2016,1.6L,自动, 智炫·精英型
483287,广汽丰田,汉兰达,广汽丰田汉兰达升级的多媒体系统与宣传不符,"M279,",2020-06-12,处理反馈,2018,2.0T,, 四驱 骑士版 7座 国VI
483284,上汽集团,名爵6,上汽名爵6电瓶亏电导致发动机无法启动,"H146,",2020-06-12,用户评分,2019,20T,自动, Trophy 竞技版+BOSE音响豪华套装
483283,广汽本田,飞度,广汽本田飞度行驶过程中发动机抖动熄火,"A24,A14,",2020-06-12,处理反馈,2018,1.5L,, CVT 舒适版
483282,长安马自达,马自达3 昂克赛拉,长安马自达昂克赛拉电瓶故障导致启动困难	,"H146,",2020-06-12,厂家受理,2020,1.5L,自动, 质美版
483277,上汽集团,名爵HS,上汽名爵HS经销商出售库存车要求处理,"M283,",2020-06-12,处理反馈,2019,20T,手动, 两驱 豪华版 国VI
483276,广汽本田,飞度,广汽本田飞度冷车启动发动机有异响,"A9,",2020-06-12,处理反馈,2016,1.5L,, LX CVT 舒适型
483274,吉利汽车,星越,吉利星越车机系统卡顿与厂家宣传不符,"H134,M279,",2020-06-11,处理反馈,2019,350T,, 耀星者
483271,领克汽车,领克03,领克03经销商承诺的置换补贴不予兑现,"L313,",2020-06-11,处理反馈,2018,1.5TD,, DCT 劲Pro版 国V
483270,一汽马自达,马自达CX-4,一汽马自达CX-4 车身左右AB柱异响,"H15,",2020-06-11,处理反馈,2020,2.0L,自动, 两驱 蓝天活力版
