id,brand,car_model,type,desc,problem,datetime,status
482028,一汽马自达,阿特兹,2020款 2.5L 蓝天运动版,一汽马自达阿特兹B柱异响 车内异响严重,"H93,H15,",2020-06-08,信息审核
482027,江淮汽车,江淮iEV6E,2017款 iEV6E,江淮iEV6E动力电池故障 无法充电,"H343,",2020-06-08,信息审核
482026,一汽马自达,阿特兹,2020款 2.5L 蓝天运动版,一汽马自达阿特兹车身异响 天窗异响,"H93,H15,H89,",2020-06-08,信息审核
482022,一汽-大众,迈腾,2009款 1.8TSI DSG 舒适型,一汽大众迈腾起步和刹车时车辆抖动	,"B84,E111,",2020-06-08,信息审核
482019,众泰汽车,众泰T600 Coupe,2017款 1.5T 自动 尊享型,众泰T600 Coupe售后维修配件一直缺货,"N318,",2020-06-08,厂家受理
482016,众泰汽车,众泰T600 Coupe,2017款 1.5T 自动 尊贵型,众泰T600Coupe方向盘调节旋钮无配件,"N318,",2020-06-08,厂家受理
482015,吉利汽车,帝豪,2017款 1.5L CVT 向上互联版 三厢 百万款,吉利帝豪发动机舱异响4S店拒绝保修,"A9,H146,I297,I293,J300,",2020-06-08,信息审核
482013,吉利汽车,博瑞,2015款 2.4L 舒适型,吉利博瑞变速箱渗油顿挫希望质保维修,"B19,B22,",2020-06-08,信息审核
482008,一汽吉林,森雅R7,2018款 R7C 1.6L 手动 豪华型,一汽吉林森雅R7发电机故障希望厂家处理,"H146,H73,",2020-06-08,信息审核
482006,大众（进口）,高尔夫（进口）,2014款 1.4TSI 豪华旅行版,进口大众高尔夫机电单元上壳体召回后无动力,"B96,B334,",2020-06-08,信息审核
482005,北京现代,途胜,2015款 1.6T   双离合 两驱 智能型,北京现代途胜变速箱顿挫 怠速不稳,"A35,B19,H220,",2020-06-08,信息审核
482003,东南汽车,V3菱悦,2013款 1.5 手动 亲民版,东南V3菱悦车身严重生锈希望尽快处理,"H79,",2020-06-08,信息审核
482001,吉利汽车,博越,2020款 1.8TD DCT 智慧PRO,吉利博越变速箱挡位灯不亮与宣传不符,"M279,",2020-06-08,信息审核
481997,广汽乘用车,传祺GA3S视界,2014款 1.6L 手动 豪华版,广汽传祺GS3S视界车门生锈底盘生锈,"H79,",2020-06-08,信息审核
481996,长安汽车,长安CS75 PLUS,2020款 1.5T 自动 尊贵型,长安CS75 PLUS天窗漏水导致电器短路,"H90,",2020-06-08,信息审核
481994,上汽通用五菱,五菱宏光,2019款 1.5L S 舒适型 国VI LAR,上汽通用五菱宏光变速箱异响高速时跳挡,"B33,B27,",2020-06-08,信息审核
481993,长城汽车,哈弗M6,2019款 1.5T 手动 两驱 精英型 国VI,哈弗M6冷车启动后发动机出现异响,"A9,",2020-06-08,厂家受理
481990,上汽集团,名爵6,2019款 20T 自动 运动版,上汽名爵6发动机缸体漏油要求换车,"A12,",2020-06-08,厂家受理
481988,长安马自达,马自达3 昂克赛拉,2017款 1.5L 手动 舒适型 三厢 国V,长安马自达昂克赛拉发动机无法启动,"A44,J301,M284,",2020-06-08,厂家受理
481986,一汽奔腾,奔腾B50,2016款 1.6L 手动 豪华型,一汽奔腾B50空调系统故障频繁无保障,"H101,I297,",2020-06-08,信息审核
481985,吉利汽车,远景,2019款 升级版 1.5L 手动 豪华型 国VI,吉利远景上坡行驶踩油门时无法提速,"C17,",2020-06-08,信息审核
481983,上汽大众,凌渡,2015款 280TSI DSG 豪华版,上汽大众凌渡车内异味影响身体健康,"H185,",2020-06-08,信息审核
481982,江淮汽车,嘉悦A5,2020款 1.5T CVT 超越型,江淮嘉悦A5发动机异响 车窗漏风 油耗高,"A9,A85,B20,H144,",2020-06-08,处理反馈
481981,上汽斯柯达,速派,2018款 TSI330 DSG 舒适版 国VI,斯柯达速派后视镜天窗异响希望厂家处理,"H89,H211,",2020-06-08,信息审核
481978,一汽-大众奥迪,奥迪Q3,2019款 35 TFSI 进取致雅型,一汽大众奥迪Q3新车一年不到天窗多次漏水,"H90,J298,",2020-06-08,信息审核
481977,吉利汽车,星越,2019款 350T AWD 驭星者,吉利星越未配备行车记录仪厂家推诿不处理	,"I295,I281,M279,",2020-06-08,信息审核
481975,宝沃汽车,宝沃BX5,2017款 20T GDI 自动 两驱 领先型,宝沃BX5变速箱切换挡位逻辑不合理,"B19,H155,",2020-06-08,厂家受理
481974,南京依维柯,依维柯得意,2017款 2.8T V35 箱货 中顶 3/6座 43S5,南京依维柯得意发动机烧机油排气管冒蓝烟,"A9,A63,A114,A136,",2020-06-08,信息审核
481971,奇瑞汽车,瑞虎8,2019款 1.6TGDI 自动 豪华型,奇瑞瑞虎8发动机故障灯亮维修未解决问题,"A34,J298,",2020-06-08,信息审核
481968,多士星,箱货,危化车,多士星危化车整车质量超重希望尽快处理,"M284,",2020-06-08,信息审核
481966,奇瑞捷豹路虎,捷豹XFL,2017款 2.0T 豪华版 240PS,奇瑞捷豹路虎XFL保险杠掉漆4S店销售问题车,"H81,M284,",2020-06-08,用户评分
481964,广汽丰田,汉兰达,2018款 2.0T 四驱 豪华版 7座 国V,广汽丰田汉兰达刹车片异常磨损更换未解决,"E47,",2020-06-08,处理反馈
481963,南京依维柯,依维柯得意,2017款 2.5T A40 客车 7座 47Z5,依维柯得意经销商疑似出售受损问题车,"B33,M284,",2020-06-08,信息审核
481962,上汽大众,朗逸,2013款 1.6L 手动 舒适版 改款,上汽大众朗逸车内异味希望厂家处理,"H185,",2020-06-08,信息审核
481961,一汽-大众,探岳,2019款 330TSI 两驱 豪华型 国V,一汽大众探岳大灯起雾模糊导致亮度不足,"H82,",2020-06-08,信息审核
481960,一汽马自达,马自达CX-4,2020款 2.0L 自动 两驱 蓝天活力版,一汽马自达CX-4车身AB柱异响希望厂家处理,"H15,",2020-06-08,处理反馈
481959,吉利汽车,博越,2016款 1.8TD 自动 两驱 智尊型,吉利博越助力油加入变速箱导致损毁,"J300,J303,J299,",2020-06-08,信息审核
481957,东风标致,标致3008,2013款 1.6T 自动 THP至尚版,东风标致3008发动机烧机油非常严重,"A63,",2020-06-08,信息审核
481954,奔驰（进口）,奔驰GLS,2018款 GLS 400 4MATIC 动感型 改款,进口奔驰GLS引擎盖掉漆 4S店态度恶劣,"H81,I293,I292,",2020-06-08,信息审核
481946,长安标致雪铁龙DS,DS5,2014款 1.6T 豪华版THP200,长安标致雪铁龙DS5烧机油 高压油泵故障,"A63,H78,",2020-06-08,信息审核
481945,上汽通用五菱,宝骏E200,2019款 250KM 智享版,宝骏E200车辆ABS与ESP故障灯多次报警,"E74,H170,",2020-06-08,处理反馈
481940,上汽集团,名爵ZS,2019款 1.5L 自动 全球豪华版 国VI,上汽名爵ZS方向跑偏发动机提速慢服务差,"A11,G225,I295,I297,",2020-06-08,厂家受理
481930,吉利汽车,星越,2019款 350T 耀星者,吉利星越车机系统卡顿系统版本无法升级,"H155,M279,",2020-06-08,信息审核
481929,一汽马自达,阿特兹,2020款 2.5L 蓝天尊崇版,一汽马自达阿特兹B柱及中控台行驶中异响,"H93,H15,",2020-06-08,处理反馈
481927,吉利汽车,帝豪GS,2018款 1.8L 自动 优雅版 领尚型,吉利帝豪GS坡道起步动力瞬间消失,"A255,J298,J301,",2020-06-08,信息审核
481924,吉利汽车,嘉际,2019款 1.5TD MHEV DCT 耀享型,吉利嘉际车机系统无法升级备胎异常磨损,"H157,O348,",2020-06-08,处理反馈
481922,上汽大众,凌渡,2019款 230TSI DSG 风尚版 国VI,上汽大众凌渡低速降挡时变速箱异响,"B33,I295,",2020-06-08,信息审核
481921,东风雪铁龙,雪铁龙C5,2014款 2.0L 自动 尊享型,东风雪铁龙C5行驶过程中车身左右摇晃,"G162,",2020-06-08,处理反馈
481920,一汽-大众,速腾,2020款 200TSI DSG 舒适型 国VI,一汽大众速腾新车车身多处出现划痕,"M284,",2020-06-08,处理反馈
481915,一汽-大众奥迪,奥迪A4L,2019款 40 TFSI 进取型 国V,一汽大众奥迪A4L上摆臂断裂导致方向失控,"H168,",2020-06-08,信息审核
481913,大众（进口）,甲壳虫,2018款 180TSI 乐动橙版,大众甲壳虫天窗遮阳板断裂4S店不保修,"H168,I295,I297,I282,L314,",2020-06-08,信息审核
481908,上汽斯柯达,柯迪亚克,2019款 TSI330 两驱 豪华优享版 5座 国VI,斯柯达柯迪亚克变速箱换挡异响顿挫,"B33,B19,B69,J298,",2020-06-08,信息审核
481907,一汽-大众,速腾,2018款 280TSI DSG熠动版,一汽大众速腾韩泰轮胎开裂影响安全行驶,"F100,",2020-06-08,处理反馈
481903,吉利汽车,帝豪,2018款 1.5L CVT 向上互联版,吉利帝豪打方向盘时异响 中控台异响,"D59,H93,H209,",2020-06-08,处理反馈
481901,吉利汽车,远景X6,2018款 1.8L 手动 4G互联豪华型,吉利远景X6主副驾座椅下边生锈希望处理,"H79,",2020-06-08,处理反馈
481898,华晨宝马,宝马3系,2020款 325i M运动曜夜套装,华晨宝马3系刹车片过度磨损导致报警,"E62,E47,",2020-06-08,信息审核
481896,广汽三菱,欧蓝德,2019款 2.0L 两驱 畅享版 5座 国VI,三菱欧蓝德发动机抖动噪音大销售态度恶劣,"A24,A38,A35,B19,I295,I293,I282,J298,",2020-06-08,信息审核
481894,一汽马自达,马自达CX-4,2020款 2.0L 自动 两驱 蓝天品位版,一汽马自达CX-4车身车门异响 中控屏死机,"H134,H72,H15,",2020-06-08,信息审核
481891,东风标致,标致408,2016款 1.6T 自动 豪华版,东风标致408固特异轮胎开裂 轮毂严重氧化,"F100,H243,",2020-06-08,信息审核
481889,北京现代,途胜,2018款 1.6T 双离合 两驱 15周年特别版,北京现代途胜升级ECU后动力不足起步缓慢,"A163,O348,",2020-06-08,信息审核
481887,吉利新能源,星越新能源,2019款 400T 驭星者 纯电动续航80KM,吉利星越新能源车机卡顿 维修后中控异响,"H93,H155,J300,M279,",2020-06-08,处理反馈
481882,吉利新能源,帝豪新能源,2016款 EV 精英型 三厢,吉利帝豪新能源加热器损坏4S店拒绝索赔,"H49,I297,Q322,",2020-06-08,信息审核
481881,江铃福特,撼路者,2017款 2.0T 自动 四驱 豪华版 5座 汽油,江铃福特撼路者ABS以及防侧滑故障灯亮,"E74,H234,",2020-06-08,信息审核
481878,吉利汽车,帝豪GL,2017款 1.3T 自动 精英型,吉利帝豪GL发动机漏油存在质量问题,"A12,",2020-06-08,处理反馈
481874,领克汽车,领克01,2017款 2.0T 自动 两驱 型,领克01打方向卡顿多次更换转向机未解决,"D123,D265,",2020-06-08,处理反馈
481873,一汽丰田,卡罗拉,2019款 1.2T S-CVT GL先锋版,一汽丰田卡罗拉车辆亏电4S店查不出原因,"H110,J301,",2020-06-08,信息审核
481872,观致汽车,观致5,2018款 1.6T 自动 旗舰型 改款,观致5中控屏黑屏4S店无法提供配件,"H134,N318,",2020-06-08,信息审核
481871,东风日产,天籁,2019款 2.0L XL 舒适版,东风日产天籁变速箱脱挡异响维修后故障依旧,"B33,B69,G52,H147,I295,",2020-06-08,信息审核
481870,广汽本田,飞度,2014款 1.5L CVT LX舒适型,广汽本田飞度启动马达故障导致无法使用,"A44,",2020-06-08,厂家受理
481867,一汽马自达,马自达CX-4,2020款 2.0L 自动 两驱 蓝天活力版,一汽马自达CX-4行驶中AB柱异响严重,"H15,",2020-06-08,处理反馈
481864,吉利汽车,星越,2019款 改款 300T 耀星者,吉利星越车机卡顿死机厂家未回复处理,"H134,I294,L314,",2020-06-08,处理反馈
481863,一汽马自达,阿特兹,2020款 2.5L 蓝天运动版,一汽马自达阿特兹ABC柱和后备箱有异响,"H15,H68,",2020-06-08,信息审核
481862,吉利汽车,星越,2019款 350T 耀星者,吉利星越车机卡顿 版本与宣传不符,"H134,M279,",2020-06-08,处理反馈
481860,一汽-大众奥迪,奥迪A4L,2015款 2.0T CVT 标准型,一汽大众奥迪A4L节温器漏防冻液倒车异响,"A37,B33,",2020-06-08,信息审核
481859,奇瑞汽车,捷途X90,2019款 1.5T 自动 智享型 6座 国V,捷途X90发动机水温报警4S店距离远,"A191,O326,",2020-06-08,用户评分
481858,长城汽车,哈弗H5,2018款 2.0T 手动 四驱 尊贵型 经典版 柴油,哈弗H5自洁功能频繁售后未解决问题,"A114,",2020-06-08,处理反馈
481857,上汽大众,凌渡,2019款 230TSI DSG 风尚版 国V,上汽大众凌渡4S店内上保险多收费承诺不兑现,"K307,K325,L313,",2020-06-08,信息审核
481853,一汽-大众,迈腾,2015款 1.8TSI 豪华型,一汽大众迈腾起步时变速箱顿挫加速无力,"B19,B95,B334,",2020-06-08,信息审核
481852,一汽马自达,马自达CX-4,2020款 2.0L 自动 两驱 蓝天探索版,一汽马自达CX-4车身ABC柱天窗多处异响,"H164,H15,H89,",2020-06-08,信息审核
481851,众泰汽车,众泰E200,2018款 飞鱼座,众泰E200充电机故障导致无法充电影响使用,"H340,",2020-06-08,信息审核
481850,东风日产,逍客,2016款 2.0L CVT 精英版,东风日产逍客邓禄普轮胎有裂纹影响安全,"F100,I295,",2020-06-08,信息审核
481849,东风裕隆,U5 SUV,2017款 1.6L CVT 名士版,纳智捷U5 SUV中控花屏 厂家客服不解决问题,"H134,I295,",2020-06-08,信息审核
481848,一汽马自达,阿特兹,2020款 2.5L 蓝天运动版,一汽马自达阿特兹B柱和后备箱异响,"H164,I295,",2020-06-08,处理反馈
481846,北京现代,领动,2016款 1.6L 自动 智炫·精英型,北京现代领动发动机抖动4S店收检测费,"A24,J299,K307,",2020-06-08,信息审核
481837,一汽马自达,阿特兹,2020款 2.5L 蓝天尊崇版,一汽马自达阿特兹方向机车身异响希望处理,"D59,H164,H15,H89,",2020-06-08,信息审核
481836,一汽马自达,阿特兹,2020款 2.0L 蓝天时尚版,一汽马自达阿特兹车身异响 天窗及中控异响,"H93,H15,H89,",2020-06-08,信息审核
481833,江铃汽车,特顺新能源,2019款 L500 EV 商运型 短轴中顶,江铃特顺新能源动力电池故障希望厂家处理,"H343,",2020-06-08,处理反馈
481831,一汽-大众奥迪,奥迪A3,2020款 Limousine 35 TFSI 时尚型 国VI,一汽大众奥迪A3官方二手车登不了奥迪系统,"M284,",2020-06-08,信息审核
481830,吉利汽车,缤越,2019款 运动款 260T DCT Battle 国VI 运动款,吉利缤越轻踩刹车时异响希望厂家处理问题,"E43,",2020-06-08,处理反馈
481829,一汽马自达,阿特兹,2020款 2.5L 蓝天运动版,一汽马自达阿特兹行驶中B柱异响 天窗异响,"H15,H89,",2020-06-08,处理反馈
481828,一汽马自达,阿特兹,2020款 2.5L 蓝天运动版,一汽马自达阿特兹B柱异响 天窗异响,"H164,H89,",2020-06-08,处理反馈
481825,一汽马自达,马自达CX-4,2020款 2.0L 自动 两驱 蓝天探索版,一汽马自达CX-4过颠簸路面车身异响,"H164,H15,",2020-06-08,信息审核
481823,一汽马自达,阿特兹,2020款 2.5L 蓝天运动版,一汽马自达阿特兹行驶中AB柱存在异响,"H164,H93,",2020-06-08,处理反馈
481819,一汽马自达,阿特兹,2020款 2.5L 蓝天尊崇版,一汽马自达阿特兹B柱异响 天窗异响,"D59,H93,H15,H89,",2020-06-08,处理反馈
481818,一汽-大众,速腾,2019款 280TSI DSG 舒适型 国VI,一汽大众速腾爬坡辅助系统功能缺陷,"H170,",2020-06-08,处理反馈
481816,一汽-大众,T-ROC探歌,2019款 280TSI DSG 两驱 舒适型 国VI,一汽大众探歌韩泰轮胎有裂纹希望厂家处理,"F100,",2020-06-08,处理反馈
481814,上汽通用五菱,新宝骏RM-5,2019款 1.5T CVT 24小时在线 尊贵型 7座,新宝骏RM-5天窗帘损坏车内抖动严重,"H268,H168,N318,",2020-06-08,信息审核
481811,北京现代,途胜,2015款 1.6T   双离合 两驱 领先型,北京现代途胜高速行驶中方向助力故障,"D265,",2020-06-08,信息审核
481809,东风雪铁龙,雪铁龙C4L,2014款 1.6THP 自动 智驱版 劲智型,东风雪铁龙C4L发动机水泵处漏防冻液,"A37,",2020-06-08,处理反馈
481807,一汽-大众奥迪,奥迪A6L,2017款 TFSI 双离合 技术型,一汽大众奥迪A6L经销商承诺不兑现,"J299,K325,L313,",2020-06-08,信息审核
481805,一汽马自达,阿特兹,2020款 2.5L 蓝天运动版,一汽马自达阿特兹车身多处异响 转向机异响,"D59,H15,",2020-06-08,信息审核
481803,一汽-大众奥迪,奥迪Q3,2020款 35 TFSI 时尚致雅型,一汽大众奥迪Q3车顶和副驾驶侧车窗漏水,"H109,",2020-06-08,信息审核
481802,东风本田,本田CR-V,2019款 锐·混动 2.0L 两驱 净驰版 国VI,东风本田CR-V车身漏风希望尽快处理,"H144,",2020-06-08,处理反馈
481800,吉利汽车,星越,2019款 350T 暗夜骑士限量版,吉利星越车机系统卡顿 与宣传不符,"H155,M279,",2020-06-08,用户评分
481799,一汽马自达,阿特兹,2020款 2.5L 蓝天尊崇版,一汽马自达阿特兹车身和中控台异响,"H93,H15,",2020-06-08,信息审核
481796,一汽马自达,马自达CX-4,2020款 2.0L 自动 两驱 蓝天品位版,一汽马自达CX-4车门玻璃和中控台有异响,"H72,H93,",2020-06-08,信息审核
481793,上汽集团,荣威RX5 MAX,2019款 300TGI 自动 4G互联豪华版,上汽荣威RX5MAX售车置换补贴不兑现,"I295,I293,I281,L313,M279,",2020-06-08,信息审核
481792,一汽马自达,阿特兹,2020款 2.0L 蓝天豪华版,一汽马自达阿特兹车身多处异响存在安全隐患,"H164,I295,I294,I281,",2020-06-08,信息审核
481791,吉利汽车,星越,2019款 350T 耀星者,吉利星越减震器异响 车机卡顿与宣传不符,"G52,H155,M279,",2020-06-08,处理反馈
481785,一汽马自达,阿特兹,2020款 2.5L 蓝天运动版,一汽马自达阿特兹AB柱顶棚和中控异响,"H164,H93,",2020-06-08,处理反馈
481784,一汽马自达,马自达CX-4,2020款 2.0L 自动 两驱 蓝天品位版,一汽马自达CX-4车身异响 后备箱异响	,"H164,H68,",2020-06-08,信息审核
481783,江铃福特,领界,2019款 EcoBoost 145 CVT 尊领型 国VI,江铃福特领界发动机异响要求尽快处理,"A9,",2020-06-08,处理反馈
481780,一汽马自达,阿特兹,2020款 2.5L 蓝天尊崇版,一汽马自达阿特兹车身有异响厂家未回复,"H164,H15,I294,",2020-06-08,信息审核
481779,上汽大众,途昂,2017款 380TSI 四驱 豪华版,上汽大众途昂启动后转向系统失灵,"D57,",2020-06-08,信息审核
481778,上汽大众,帕萨特新能源,2019款 430PHEV 混动 豪华版,上汽大众帕萨特新能源空调不制冷无配件,"H101,N318,",2020-06-08,信息审核
481776,奇瑞汽车,艾瑞泽GX,2019款 Pro 1.5T CVT 型色版 国VI,奇瑞艾瑞泽GX开空调怠速不稳车机卡顿,"A35,H155,I295,O348,",2020-06-08,信息审核
481775,吉利汽车,星越,2019款 350T 耀星者,吉利星越车机硬件和版本与宣传版本不一样,"H155,M279,",2020-06-08,处理反馈
481774,吉利汽车,缤越,2019款 260T DCT Battle 运动款 国V,吉利缤越后视镜风噪大漏风希望处理,"H211,H144,L314,",2020-06-08,处理反馈
481771,众泰汽车,众泰T500,2018款 1.5T 手动 尊享型 5座,众泰T500发动机敲缸异响刹车时抖动,"A9,E111,H134,",2020-06-08,处理反馈
481770,吉利汽车,星越,2019款 改款 350T 耀星者,吉利星越车机版本与官方宣传不符,"M279,",2020-06-08,处理反馈
481769,吉利汽车,星越,2019款 350T AWD 驭星者,吉利星越车机死机卡顿 系统无法升级,"H155,M279,",2020-06-08,处理反馈
481768,上汽集团,荣威RX5 MAX,2019款 300TGI 自动 4G互联豪华版,上汽荣威RX5 MAX系统信息与实际不符,"M284,M279,",2020-06-08,处理反馈
481760,吉利汽车,星越,2019款 改款 350T 驭星者,吉利星越车机虚假宣传 方向盘异响,"D59,M279,",2020-06-08,厂家受理
481759,一汽马自达,阿特兹,2020款 2.5L 蓝天尊崇版,一汽马自达阿特兹车身中控 B柱 后备箱异响,"H93,H15,H68,",2020-06-08,处理反馈
481756,吉利汽车,博越,2016款 1.8TD 自动 两驱 智尊型,吉利博越排气管锈蚀希望尽快更换解决,"H30,",2020-06-08,处理反馈
481754,吉利汽车,星越,2019款 300T 耀星者,吉利星越车机无法升级与宣传不符,"H155,M279,",2020-06-08,处理反馈
481750,众泰汽车,众泰T600,2015款 1.5T 手动 尊贵型,众泰T600方向机异响 后轮吃胎偏磨,"D265,G245,",2020-06-08,处理反馈
481749,一汽马自达,马自达CX-4,2020款 2.0L 自动 两驱 蓝天品位版,一汽马自达CX-4中控屏死机无法正常使用,"H134,H93,H15,H89,",2020-06-08,信息审核
481748,福田汽车,欧马可,2007款 欧马可N BJ1049V8AD6-3,福田欧马可配件质量差希望厂家尽快处理,"N317,",2020-06-08,厂家受理
481747,吉利汽车,星越,2019款 350T 耀星者,吉利星越车机卡顿延迟与宣传不符,"H155,M279,",2020-06-08,处理反馈
481746,一汽马自达,阿特兹,2020款 2.5L 蓝天尊崇版,一汽马自达阿特兹全车多处异响无法解决,"H15,H89,",2020-06-08,信息审核
481742,东风标致,标致408,2015款 1.2T 自动 豪华版,东风标致408空调不制冷影响正常使用,"H101,",2020-06-08,信息审核
481739,一汽-大众,迈腾,2019款 330TSI DSG 豪华型 国VI,一汽大众迈腾变速箱升降挡过程中异响顿挫,"B33,B19,",2020-06-08,处理反馈
481737,一汽奔腾,奔腾X40,2017款 1.6L 自动 尊享型,一汽奔腾X40发动机一缸缺火缸压偏低,"A24,",2020-06-08,信息审核
481736,一汽大众,捷达VS5,2019款 280TSI 自动 进取型,捷达VS5机盖雨水槽漏水导致涡轮增压器生锈,"H79,H109,",2020-06-08,信息审核
481735,长城汽车,哈弗H6 Coupe,2016款 1.5T 自动 两驱精英型,哈弗H6Coupe涡轮增压器损坏不解决问题,"A189,I295,",2020-06-08,处理反馈
481731,广汽本田,飞度,2014款 1.5L CVT LX舒适型,广汽本田飞度发动机故障灯亮P0341,"A34,",2020-06-08,处理反馈
481728,吉利汽车,博越,2020款 1.8TD DCT 智领PRO,吉利博越车机系统及功能与宣传时不符,"M279,",2020-06-08,处理反馈
481721,上汽斯柯达,柯珞克,2019款 TSI280 智行豪华版 国Ⅵ,斯柯达柯珞克电瓶故障4S店否认质量问题,"H146,I292,",2020-06-08,信息审核
481720,一汽马自达,阿特兹,2020款 2.5L 蓝天尊崇版,一汽马自达阿特兹车身异响严重影响驾驶,"H15,",2020-06-08,信息审核
481714,一汽马自达,马自达CX-4,2020款 2.0L 自动 两驱 蓝天活力版,一汽马自达CX-4车身ABC柱异响不解决,"H164,H15,I295,",2020-06-08,信息审核
481712,上汽斯柯达,速派,2016款 TSI280  DSG 前行版,上汽斯柯达速派车身漆面起泡开裂掉漆,"H81,",2020-06-08,信息审核
481711,众泰汽车,众泰T700,2017款 1.8T 双离合 尊享型,众泰T700副驾驶漏水厂家无法提供配件,"H109,I295,I282,N318,",2020-06-08,信息审核
481710,东风标致,标致408,2014款 1.6T 自动 尊贵版,东风标致408四只轮毂氧化4S店不保修,"H243,I297,",2020-06-08,信息审核
481706,吉利汽车,嘉际,2019款 1.5TD MHEV DCT 尊享型,吉利嘉际4S店收取金融服务费不合理,"K307,",2020-06-08,信息审核
481705,吉利汽车,缤越,2019款 260T DCT 游侠 运动款 国V,吉利缤越车机卡顿长时间导航死机,"H21,H155,",2020-06-08,用户评分
481703,一汽马自达,阿特兹,2020款 2.5L 蓝天尊崇版,一汽马自达阿特兹车身异响厂家承诺不兑现,"H164,I293,I294,L314,",2020-06-08,信息审核
481702,沃尔沃（进口）,沃尔沃S60,2013款 2.0T T5 舒适版,进口沃尔沃S60空调使用异响要求解决,"H101,",2020-06-08,信息审核
481700,吉利汽车,博越,2018款 1.8TD 自动 两驱 智联型 4G互联版,吉利博越变速箱顿挫 转向异响 车内共振,"B19,D59,H268,H209,",2020-06-08,处理反馈
481698,绵阳金杯,智尚S30,2015款 1.5L AMT 豪华型,绵阳金杯智尚S30变速箱无法加速要求解决,"B334,",2020-06-08,信息审核
481697,东风雪铁龙,雪铁龙C4L,2014款 1.6THP 自动 智驱版 劲智型,东风雪铁龙C4L方向盘上下晃动存在质量问题,"D80,D337,",2020-06-08,处理反馈
481695,一汽马自达,阿特兹,2020款 2.5L 蓝天尊崇版,一汽马自达阿特兹车身多处异响希望解决,"H15,",2020-06-08,信息审核
481692,江淮汽车,瑞风A60,2017款 1.5T GDI 自动 豪华商务型,江淮瑞风A60变速箱不升挡 电子手刹故障,"B20,E159,",2020-06-08,处理反馈
481689,广汽本田,飞度,2014款 1.5 CVT EXLI领先型,广汽本田飞度发动机冷启动异响频繁,"A9,",2020-06-07,处理反馈
481688,北京奔驰,奔驰GLC,2020款 GLC 300 L 4MATIC 动感型,北京奔驰GLC空调及刹车问题厂家不回复,"E29,H101,I294,",2020-06-07,信息审核
481687,华晨中华,中华V7,2019款 运动款 280T 自动 豪华型,中华V7变速箱严重顿挫影响正常驾驶,"B19,I281,J298,",2020-06-07,信息审核
481685,一汽马自达,阿特兹,2020款 2.5L 蓝天运动版,一汽马自达阿特兹中控异响希望厂家解决,"H93,",2020-06-07,信息审核
481683,一汽丰田,卡罗拉,2019款 双擎 1.8L E-CVT GL-i精英版,一汽丰田卡罗拉新车轮胎装配存在问题,"M284,",2020-06-07,信息审核
481682,福田汽车,时代金刚,2013款 3P69P485(A1),福田时代金刚方向盘焊接处行驶途中脱落,"D57,",2020-06-07,厂家受理
481681,北京汽车,绅宝X35,2016款 1.5L 手动 精英版,北汽绅宝X35转向卡顿喇叭失灵气囊故障灯亮,"A37,D123,H82,H103,H151,",2020-06-07,处理反馈
481680,一汽-大众,高尔夫,2019款 280TSI DSG 舒适型 国VI,一汽大众高尔夫左侧化妆镜无故破碎,"H113,",2020-06-07,处理反馈
481678,一汽-大众,速腾,2012款 1.6 自动 舒适型,一汽大众速腾定速巡航失灵无法正常使用,"H253,",2020-06-07,处理反馈
481676,华晨宝马,宝马5系,2019款 530Li 尊享型 M运动套装 改款,华晨宝马5系在4S店内维修时后备箱内进老鼠,"J300,",2020-06-07,信息审核
481675,吉利汽车,星越,2019款 300T 耀星者,吉利星越车机系统卡顿与厂家宣传不符,"H134,M279,",2020-06-07,信息审核
481673,一汽-大众,速腾,2018款 280TSI DSG熠动版,一汽大众速腾车窗有异响维修未解决,"H72,",2020-06-07,处理反馈
481672,一汽马自达,阿特兹,2020款 2.5L 蓝天尊崇版,一汽马自达阿特兹AB柱和天窗有异响,"H15,H89,",2020-06-07,处理反馈
481671,一汽-大众,T-ROC探歌,2019款 280TSI DSG 两驱 舒适型 国VI,一汽大众探歌韩泰轮胎出现严重裂痕,"F100,",2020-06-07,处理反馈
481670,一汽-大众,高尔夫,2016款 1.4TSI 自动 R-Line,一汽大众高尔夫变速箱故障灯亮要求处理,"B96,",2020-06-07,处理反馈
481666,一汽马自达,阿特兹,2020款 2.5L 蓝天尊崇版,一汽马自达阿特兹行驶过程中B柱出现异响,"H15,",2020-06-07,处理反馈
481665,一汽马自达,阿特兹,2020款 2.5L 蓝天运动版,一汽马自达阿特兹行驶过程中B柱有异响,"H15,",2020-06-07,信息审核
481663,上汽集团,名爵3,2011款 1.3 手动 舒适版,上汽名爵3正时链条跳齿发动机无法启动,"A45,",2020-06-07,用户评分
481657,一汽马自达,阿特兹,2020款 2.5L 蓝天运动版,一汽马自达阿特兹行驶时车身多处有异响,"H15,",2020-06-07,信息审核
481656,一汽马自达,马自达CX-4,2020款 2.0L 自动 两驱 蓝天品位版,一汽马自达CX-4车身异响颠簸路中控台异响,"H93,H15,",2020-06-07,信息审核
481649,吉利汽车,帝豪,2016款 1.5L CVT 向上版 三厢,吉利帝豪起步时变速箱顿挫油耗高,"B19,",2020-06-07,用户评分
481642,吉利汽车,博瑞,2015款 2.4L 舒适型,吉利博瑞行驶中变速箱顿挫故障灯亮,"B19,B96,",2020-06-07,处理反馈
481641,东风雪铁龙,C4世嘉,2016款 1.6L 自动 豪华型,东风雪铁龙C4世嘉方向机总成间隙大抖动,"D80,D337,",2020-06-07,处理反馈
481635,上汽大众,途安,2015款 1.4T 手动 舒适版 5座,上汽大众途安车内异味希望厂家处理,"H185,",2020-06-07,信息审核
481634,东风日产,逍客,2019款 2.0L CVT 智享版,东风日产逍客汽油泵异响存安全隐患,"H78,",2020-06-07,信息审核
481632,吉利汽车,星越,2019款 350T 驭星者,吉利星越车机卡顿承诺系统升级未兑现,"H134,L314,M279,",2020-06-07,处理反馈
481631,北京现代,悦纳,2020款 1.4L CVT 炫酷版GLS,北京现代悦纳前机盖内侧掉漆希望厂家处理,"H81,",2020-06-07,信息审核
481630,上汽集团,名爵6,2017款 20T 手动 豪华智联版 国V,上汽名爵6电瓶亏电导致发动机无法启动,"H146,",2020-06-07,处理反馈
481627,上汽集团,荣威Ei5,2018款 互联网豪华版,上汽荣威Ei5仪表提示自动驻车系统故障,"H170,",2020-06-07,处理反馈
481625,一汽-大众,速腾,2019款 200TSI 手动 舒适型 国VI,一汽大众速腾起步抬离合转速高希望厂家处理,"C65,C16,",2020-06-07,信息审核
481619,东南汽车,东南DX3,2017款 1.5T 手动 尊贵型,东南DX3正常行驶中发生自燃存在质量问题,"H40,",2020-06-07,信息审核
481616,上汽通用五菱,宝骏630,2011款 1.5L 手动 标准型,宝骏630底盘车门锈蚀严重脱落,"H79,",2020-06-07,处理反馈
481615,华晨宝马,宝马X3,2018款 xDrive28i M运动套装,华晨宝马X3水箱存在缺陷导致漏水严重,"A37,A191,H101,",2020-06-07,信息审核
481614,一汽-大众,探岳,2019款 330TSI 两驱 豪华型 国V,一汽大众探岳大灯透镜发白影响夜间照明,"H82,",2020-06-07,处理反馈
481613,一汽-大众,探岳,2020款 330TSI 两驱 豪华智联版,一汽大众探岳后排座椅下方燃油泵异响严重,"H78,",2020-06-07,处理反馈
481612,一汽-大众,迈腾,2017款 380TSI DSG 豪华型,一汽大众迈腾变速箱异响严重希望处理,"A9,B33,",2020-06-07,处理反馈
481608,众泰汽车,众泰SR7,2017款 1.5T CVT 魔方之梦版,众泰SR7半轴故障厂家一直无配件,"N318,",2020-06-07,用户评分
481607,一汽-大众,速腾,2018款 280TSI DSG熠动版,一汽大众速腾韩泰轮胎有裂痕影响安全,"F100,",2020-06-07,处理反馈
481599,力帆汽车,力帆650EV,2018款 舒适型,力帆650EV维修配件长期缺货希望处理,"N318,",2020-06-07,信息审核
481598,一汽-大众奥迪,奥迪A6L,2012款 35 FSI CVT 舒适型,一汽奥迪A6L变速箱顿挫温度高 倒挡无力,"A191,B19,B334,",2020-06-07,信息审核
481596,广汽本田,飞度,2014款 1.5L CVT SE时尚型,广汽本田飞度启动困难希望得到解决,"A44,",2020-06-07,信息审核
481595,一汽马自达,阿特兹,2020款 2.5L 蓝天尊崇版,一汽马自达阿特兹车身中控台异响厂家未回复,"H93,H15,",2020-06-07,信息审核
481594,一汽马自达,阿特兹,2020款 2.5L 蓝天尊崇版,一汽马自达阿特兹车身与车内异响要求解决,"H164,H15,",2020-06-07,信息审核
481593,长安马自达,马自达CX-5,2015款 2.0L 自动 两驱 都市型,长安马自达CX-5变速箱顿挫下摆臂球头漏油,"B19,G210,",2020-06-07,处理反馈
481590,上汽通用五菱,五菱荣光V,2016款 1.2L 实用型,上汽通用五菱荣光V换挡时变速箱抖动,"B95,",2020-06-07,处理反馈
481588,一汽-大众,探岳,2019款 380TSI 四驱 旗舰型 国V,一汽大众探岳车灯通透性差车灯亮度低,"H82,",2020-06-07,处理反馈
481586,一汽-大众奥迪,奥迪Q3,2019款 35 TFSI 进取致雅型,一汽大众奥迪Q3天窗漏水维修后未解决,"H90,",2020-06-07,信息审核
481584,东风悦达起亚,智跑,2018款 2.0L 自动 智享豪华版,东风悦达起亚智跑内饰破损4S店拒绝质保,"H168,",2020-06-07,厂家受理
481579,宝马（进口）,宝马X5,2014款 xDrive35i 尊享型,进口宝马X5传动轴断裂导致变速箱壳体破损,"B77,G261,",2020-06-07,信息审核
481575,东风本田,哥瑞,2016款 1.5L 手动 经典版,东风本田哥瑞冷车启动发动机有打齿异响,"A9,",2020-06-07,处理反馈
481574,江铃福特,领界,2019款 EcoBoost 145 CVT 铂领型 国V,江铃福特领界方向盘不正行驶时向左跑偏,"D154,G117,",2020-06-07,处理反馈
481572,长城汽车,哈弗H6 Coupe,2019款 1.5T 自动 两驱 豪华智联版 国V,哈弗H6 Coupe发动机起停功能无法使用,"H263,",2020-06-07,处理反馈
481571,吉利汽车,博越,2020款 1.8TD DCT 智慧PRO,吉利博越挡位灯不亮与官方宣传不符,"M279,",2020-06-07,处理反馈
481570,吉利汽车,星越,2019款 350T 暗夜骑士限量版,吉利星越车机系统升级承诺不兑现,"L313,M279,",2020-06-07,处理反馈
481568,力帆汽车,迈威,2017款 1.8L 手动 精英型,力帆迈威电子风扇线束烧蚀 散热风扇不转,"A191,",2020-06-07,信息审核
481567,北汽新能源,北汽新能源EC,2017款 EC200 灵动版,北汽新能源EC全车断电4S店不给交通补偿,"A346,H343,L314,",2020-06-07,用户评分
481565,吉利汽车,缤越,2019款 260T DCT Battle 运动款 国V,吉利缤越刹车异响车机系统问题与宣传不符,"E43,M279,",2020-06-07,处理反馈
481563,广汽三菱,欧蓝德,2018款 2.0L 两驱 嘉乐版 7座,广汽三菱欧蓝德轮毂表面涂层氧化,"H243,",2020-06-07,厂家受理
481559,广汽本田,皓影,2020款 240TURBO CVT 两驱 尊贵版,广汽本田皓影左前车门下围板有脱胶的现象,"H168,",2020-06-07,处理反馈
481557,一汽丰田,亚洲龙,2019款 双擎 2.5L XLE 尊贵版 国Ⅵ,一汽丰田亚洲龙天窗异响维修后未解决 ,"H89,",2020-06-07,信息审核
481553,北京现代,悦动,2018款 1.6L 自动 悦目版 GL 国VI,北京现代悦动多次往返店内维修要求厂家赔偿,"I293,J298,L314,",2020-06-07,信息审核
481550,一汽-大众奥迪,奥迪Q3,2019款 35 TFSI 进取致雅型,一汽大众奥迪Q3天窗漏水导致内饰浸湿,"H90,",2020-06-07,信息审核
481549,华晨鑫源,海狮X30L,2018款 1.5L 财富版 DLCG14,金杯海狮X30L车门掉漆缝隙大 离合踏板掉落	,"A114,C267,H81,H209,",2020-06-07,信息审核
481546,上汽大众,朗逸,2017款 1.6L 手动 风尚版,上汽大众朗逸车内异味严重无法解决,"H185,",2020-06-07,信息审核
481544,一汽-大众奥迪,奥迪A4L,2018款 2.0T 时尚型 30周年年型,一汽大众奥迪A4L车门异响 中控异响,"H72,H93,H197,",2020-06-07,信息审核
481543,一汽-大众奥迪,奥迪Q5L,2020款 45 TFSI 尊享豪华运动型,一汽大众奥迪Q5L行驶中车门锁不能锁止,"H197,",2020-06-07,信息审核
481541,东风本田,本田CR-V,2017款 240TURBO 自动 两驱 风尚版,东风本田CR-V雨天行驶中车辆失速,"A255,",2020-06-07,处理反馈
481540,广汽丰田,雷凌,2019款 185T CVT 豪华版 国VI,广汽丰田雷凌转向时有异响要求尽快处理,"D59,",2020-06-07,处理反馈
481537,一汽马自达,阿特兹,2020款 2.5L 蓝天尊崇版,一汽马自达阿特兹A柱及B柱异响 中控异响,"H93,H15,",2020-06-07,处理反馈
481536,广汽丰田,凯美瑞,2016款 2.0G 自动 十周年纪念豪华版,广汽丰田凯美瑞两侧内球笼套有漏油的现象,"G161,",2020-06-07,处理反馈
481535,广汽丰田,凯美瑞,2019款 2.5G 豪华版 国VI,广汽丰田凯美瑞加速行驶时发动机有异响,"A9,",2020-06-07,处理反馈
481534,吉利汽车,星越,2019款 350T 耀星者,吉利星越中控车机卡顿操作不流畅 无法升级,"H134,L314,O348,",2020-06-07,处理反馈
481533,汉腾汽车,汉腾X7,2016款 2.0T DCT 尊享型,汉腾X7启动后变速箱异响行驶时变速箱顿挫,"B33,B19,",2020-06-07,厂家受理
481532,一汽丰田,锐志,2006款 2.5V 锐志 REIZ,一汽丰田锐志仪表台开裂 汽油泵异响,"H176,H78,",2020-06-07,信息审核
481531,东风标致,标致308,2018款 1.6L 自动 豪华版,东风标致308转向时喇叭自动开启,"H151,",2020-06-07,信息审核
481529,长城汽车,长城C50,2014款 1.5T 精英型,长城C50无法启动维修后无法解决,"H110,",2020-06-07,处理反馈
481525,东风乘用车,风神AX7,2017款 2.0L 智驭型,东风风神AX7电瓶更换后再次出现质量问题,"H146,I295,I282,",2020-06-07,信息审核
481520,林肯（进口）,林肯MKC,2019款 2.0T 两驱 尊享版 国V,林肯MKC新车中控屏黑屏死机车窗升降异响,"H134,H67,",2020-06-07,信息审核
481519,吉利汽车,帝豪,2017款 1.5L 手动 向上版 三厢 百万款,吉利帝豪GL转向异响存在安全隐患,"D59,",2020-06-07,处理反馈
481518,上汽大众,朗逸,2018款 1.5L 自动 风尚版 经典 国VI,上汽大众朗逸熄火后油箱异响厂家不解决,"H147,I295,",2020-06-07,信息审核
481517,众泰汽车,众泰SR9,2017款 2.0T 自动 极致之心版,众泰SR9变速箱顿挫 发动机熄火无法启动,"A14,A44,B19,",2020-06-07,处理反馈
481514,吉利汽车,博越,2016款 1.8TD 自动 两驱 智联型,吉利博越保险杠漆面出现开裂的现象,"H81,",2020-06-07,处理反馈
481512,广汽丰田,凯美瑞,2016款 2.0E 自动 十周年纪念精英版,广汽丰田凯美瑞半轴防尘套有漏油的现象,"G161,",2020-06-07,处理反馈
481510,长城汽车,哈弗H5,2016款 2.0T 四驱精英型 经典版,哈弗H5发动机怠速不稳 涡轮增压机漏油,"A163,A35,A189,",2020-06-07,处理反馈
481509,星途,星途TX,2019款 TXL 1.6T 两驱 钻石版,星途TX中控屏不亮 发动机无法启动,"A44,H134,",2020-06-07,信息审核
481508,上汽通用五菱,五菱荣光新卡,2019款 1.5L 双排 L3C,上汽通用五菱荣光新卡车身有生锈的现象,"H79,",2020-06-07,处理反馈
481506,猎豹汽车,猎豹CS10,2017款 2.0T 自动 豪华型,猎豹CS10车身异响 ABS传感器故障,"E74,H15,",2020-06-07,信息审核
481505,东风本田,本田CR-V,2017款 240TURBO 自动 两驱 风尚版,东风本田CR-V保养时4S店强制性购买燃油宝,"K325,",2020-06-07,处理反馈
481501,一汽丰田,RAV4荣放,2020款 2.5L CVT 两驱 精英版 双擎,一汽丰田RAV4荣放机油乳化增多无法解决,"A339,A13,",2020-06-07,信息审核
481497,一汽马自达,阿特兹,2020款 2.5L 蓝天尊崇版,一汽马自达阿特兹行驶中B柱异响,"H15,I294,",2020-06-07,用户评分
481496,上汽大众,Polo,2019款 Plus 1.5L 自动 全景乐享版,上汽大众Polo高速行驶时变速箱故障灯亮,"B96,",2020-06-07,信息审核
481494,吉利新能源,博瑞新能源,2018款 1.5T PHEV 耀领版,吉利博瑞新能源电瓶亏电发动机无法启动,"H146,",2020-06-07,用户评分
481493,一汽马自达,阿特兹,2020款 2.5L 蓝天运动版,一汽马自达阿特兹行驶中B柱和中控台有异响,"H93,H15,",2020-06-07,用户评分
481492,吉利汽车,帝豪,2015款 1.5L CVT 向上版 三厢,吉利帝豪车门漆面鼓包而且生锈4S店不予保修,"H79,H81,",2020-06-07,处理反馈
481491,奇瑞汽车,瑞虎7,2017款 1.5T 自动 精英版 SPORT,奇瑞瑞虎7变速箱插头进水导致车辆无法行驶,"B334,",2020-06-07,用户评分
481490,一汽马自达,阿特兹,2020款 2.0L 蓝天豪华版,一汽马自达阿特兹中控台B柱和后备箱异响,"H93,H15,H68,",2020-06-07,用户评分
481488,东风标致,标致2008,2014款 1.6L 自动 潮流版,东风标致2008变速箱顿挫而且无法换挡,"B19,B20,",2020-06-07,处理反馈
481486,东风雷诺,科雷嘉,2017款 2.0L CVT 两驱 舒适版,东风雷诺科雷嘉行驶中动力不足严重顿挫,"B19,B20,",2020-06-07,信息审核
481485,一汽马自达,阿特兹,2020款 2.5L 蓝天运动版,一汽马自达阿特兹A柱B柱异响维修无法解决,"H15,",2020-06-07,用户评分
481482,一汽马自达,马自达CX-4,2020款 2.0L 自动 两驱 蓝天活力版,一汽马自达CX-4车身异响 天窗异响,"H15,H89,",2020-06-07,用户评分
481481,东风小康,风光330,2014款 1.5L 舒适型,东风风光330下边梁严重生锈希望尽快处理,"H79,",2020-06-07,处理反馈
481480,吉利汽车,星越,2019款 300T 耀星者,吉利星越车机卡顿 版本与宣传不符,"H155,L313,",2020-06-07,处理反馈
481479,上汽大众,朗逸,2017款 1.6L 自动 风尚版,上汽大众朗逸车内异味处理后未解决,"H185,",2020-06-07,信息审核
481476,上汽大众,朗逸,2017款 1.6L 自动 风尚版,上汽大众朗逸车内有异味甲醛严重超标	,"H185,",2020-06-07,信息审核
481475,吉利汽车,缤越,2019款 260T DCT 游侠 国VI 运动款,吉利缤越车窗异响 车机系统无法升级,"H72,O348,",2020-06-07,处理反馈
481469,一汽-大众,迈腾,2018款 330TSI DSG 豪华型,一汽大众迈腾变速箱异响邓禄普轮胎开裂,"B33,F100,",2020-06-07,处理反馈
481467,东风标致,标致308,2014款 乐享版 经典 1.6L 自动 优尚型,东风标致308行驶过程中变速箱顿挫故障灯亮,"B19,B96,",2020-06-07,用户评分
481466,东风日产,逍客,2019款 2.0L CVT 智享版,东风日产逍客前挡风玻璃自然开裂,"H113,",2020-06-07,用户评分
481465,江淮汽车,瑞风S3,2015款 1.5L 手动 豪华智能尊享版,江淮瑞风S3轮胎吃胎异常磨损 要求厂家处理,"G245,",2020-06-07,用户评分
481463,一汽大众,捷达VS5,2019款 280TSI 自动 荣耀型,捷达VS5发动机盖漏水导致涡轮增压器生锈,"H79,H109,",2020-06-07,处理反馈
481462,一汽丰田,亚洲龙,2019款 2.0L 豪华版 国VI,一汽丰田亚洲龙车窗密封条变形严重导致风噪,"H48,",2020-06-07,信息审核
481459,上汽大众,凌渡,2015款 230TSI DSG  风尚版,上汽大众凌渡车内异味严重4S店不解决,"H185,",2020-06-07,信息审核
481458,东风日产,骐达TIIDA,2019款 1.6L CVT 智尊版 国Ⅵ,东风日产骐达羊角及球头生锈腐蚀,"H79,I294,",2020-06-07,处理反馈
481457,东风日产,逍客,2019款 2.0L CVT 智享版,东风日产逍客刹车异响4S店否认质量问题,"E43,I292,",2020-06-07,处理反馈
481454,一汽-大众,速腾,2018款 280TSI DSG熠动版,一汽大众速腾轮胎韩泰老化 方向盘异响,"D59,F100,",2020-06-07,处理反馈
481453,吉利汽车,博瑞,2016款 2.4L 舒适型,吉利博瑞发动机机油异常消耗维修未解决,"A63,",2020-06-07,处理反馈
481452,上汽集团,名爵6,2019款 20T 自动 Trophy 十周年版,上汽名爵6新车发动机排放故障灯亮,"A34,",2020-06-07,用户评分
481451,东风本田,INSPIRE,2019款 260TURBO 精致版 国VI,东风本田INSPIRE刹车抖动怠速抖动,"A24,E111,",2020-06-07,处理反馈
481450,一汽马自达,阿特兹,2020款 2.5L 蓝天运动版,一汽马自达阿特兹内饰异响严重影响行车安全,"H164,",2020-06-07,处理反馈
481448,吉利汽车,缤越,2019款 260T DCT Battle 运动款 国V,吉利缤越天窗密封条多处老化破损,"H48,",2020-06-07,信息审核
481446,上汽通用五菱,五菱宏光V,2019款 1.5L 劲享版 国VI LAR,上汽通用五菱宏光V变速箱换挡异响,"B33,B69,",2020-06-07,信息审核
481438,一汽马自达,马自达CX-4,2020款 2.0L 自动 两驱 蓝天活力版,一汽马自达CX-4车身B柱C柱异响明显,"H15,",2020-06-07,处理反馈
481437,汉腾汽车,汉腾X5,2018款 1.5T CVT 精英版,汉腾X5点火线圈损坏 行车电脑损坏,"H104,H240,",2020-06-07,厂家受理
481434,一汽马自达,阿特兹,2020款 2.5L 蓝天运动版,一汽马自达阿特兹车身异响无法解决,"H15,",2020-06-07,处理反馈
481432,吉利汽车,帝豪GL,2017款 1.3T 手动 精英型,吉利帝豪GL天窗塌陷而且下雨时漏水,"H90,",2020-06-07,处理反馈
481430,宝沃汽车,宝沃BX7,2016款 28T 四驱 旗舰版 5座,宝沃BX7售后人员隐瞒保险理赔金额,"L314,",2020-06-07,处理反馈
481429,广汽本田,雅阁,2016款 2.4L CVT 智睿版,广汽本田雅阁右侧日间行车灯不亮,"H82,",2020-06-07,处理反馈
481426,上汽斯柯达,速派,2018款 TSI280 DSG 舒适版 国V,斯柯达速派经销商修出新问题要求处理	,"J300,",2020-06-07,信息审核
481424,上汽斯柯达,柯迪亚克GT,2019款 TSI330 两驱 豪华版 国VI,斯柯达柯迪亚克GT开启空调时有异味,"H121,",2020-06-07,信息审核
481423,上汽大众,途昂,2017款 330TSI 两驱 豪华版,上汽大众途昂轮毂腐蚀严重4S店不予解决,"H243,I295,",2020-06-07,信息审核
481421,奇瑞汽车,捷途X90,2019款 1.5T 自动 尊享型 6座 国V,捷途X90车机系统无法升级变速箱无最高挡,"B20,O348,Q349,",2020-06-07,处理反馈
481420,东风雷诺,科雷嘉,2019款 SCe200 自动 两驱 智悦型 周年版 国V,东风雷诺科雷嘉EASYLINK车联网服务改为收费,"L313,M279,",2020-06-07,信息审核
481416,一汽马自达,阿特兹,2020款 2.0L 蓝天豪华版,一汽马自达阿特兹行驶中车身B柱异响,"H15,",2020-06-07,信息审核
481415,一汽奔腾,奔腾T77,2019款 230 TID 自动 豪华型 国V 改款,在毛豆新车网购买奔腾T77后发动机报警,"A34,",2020-06-07,信息审核
481412,众泰汽车,众泰T700,2017款 1.8T 双离合 尊享型,众泰T700变速箱P挡闪烁脱挡无法行驶,"B96,B246,",2020-06-07,处理反馈
481411,东风本田,本田XR-V,2017款 1.5L LXi CVT 经典版,东风本田XR-V更换电磁阀后加速异响,"J300,",2020-06-07,处理反馈
481410,吉利汽车,博越,2016款 1.8TD 自动 两驱 智尊型,吉利博越发动机故障灯亮 加速时车身抖动,"A24,A34,",2020-06-07,信息审核
481408,东风悦达起亚,智跑,2012款 2.0L 自动 四驱 GLS,东风悦达起亚智跑发动机缸体全部出现拉缸,"A329,",2020-06-07,信息审核
481407,吉利汽车,帝豪GL,2017款 1.3T 自动 精英型,吉利帝豪GL发动机抖动 变速箱顿挫异响,"A9,B33,B19,",2020-06-07,处理反馈
481406,奔驰（进口）,奔驰S级,2019款 S 450 L 4MATIC,奔驰S级轮毂开裂 4S店拖延不处理,"H243,I295,I282,",2020-06-07,信息审核
481405,长城汽车,哈弗H2,2017款 1.5T 手动 两驱豪华型 红标,哈弗H2水温正常后发动机怠速抖动,"A24,",2020-06-07,处理反馈
481404,一汽马自达,马自达CX-4,2020款 2.0L 自动 两驱 蓝天活力版,一汽马自达CX-4车身异响 ABC柱异响,"H15,",2020-06-07,用户评分
481402,吉利汽车,星越,2019款 350T 耀星者,吉利星越车机系统卡顿 实际配置与宣传不符,"H155,M279,",2020-06-07,处理反馈
481399,华晨中华,中华V7,2018款 280T DCT 豪华型 5座,中华V7主驾驶密封条变形4S店无配件,"H48,N318,",2020-06-07,信息审核
481398,一汽-大众,宝来,2020款 1.5L 自动 精英型,一汽大众宝来加速时发动机出现爆震,"A18,",2020-06-07,处理反馈
481396,一汽马自达,阿特兹,2020款 2.5L 蓝天运动版,一汽马自达阿特兹ABC柱异响 中控异响,"H93,H15,",2020-06-07,处理反馈
481392,广汽本田,锋范经典,2009款 锋范 1.5 手动 精英版,广汽本田锋范转向助力沉重要求厂家召回,"D156,",2020-06-06,处理反馈
481391,一汽-大众,T-ROC探歌,2020款 280TSI DSG 两驱 R-Line Pro,一汽大众探歌手动模式降挡时异响严重,"B33,",2020-06-06,处理反馈
481389,一汽马自达,阿特兹,2020款 2.5L 蓝天运动版,一汽马自达阿特兹中控台异响 车身异响,"H93,H15,",2020-06-06,处理反馈
481387,广汽三菱,欧蓝德,2019款 2.4L 四驱 致享版 7座 国VI,广汽三菱欧蓝德加速无力 脱挡卡顿,"A163,B246,",2020-06-06,厂家受理
481386,吉利汽车,缤越,2020款 PRO 260T DCT Battle,吉利缤越车门漏风 车机系统版本与宣传不符,"E43,H144,M279,",2020-06-06,处理反馈
481385,吉利汽车,博瑞,2015款 1.8T 尊贵型,吉利博瑞分离泵异响刹车时方向抖动,"D80,E43,E111,",2020-06-06,处理反馈
481384,一汽-大众,探岳,2019款 330TSI 四驱 豪华型 国Ⅵ,一汽大众探岳大灯有白雾夜晚亮度不足,"H82,",2020-06-06,处理反馈
481383,一汽-大众,速腾,2017款 1.6L 手动 舒适型,一汽大众速腾变速箱异响 左右半轴漏油,"B33,G51,",2020-06-06,处理反馈
481379,一汽马自达,马自达CX-4,2020款 2.0L 自动 两驱 蓝天活力版,一汽马自达CX-4车身异响ABC柱异响,"H15,",2020-06-06,用户评分
481377,一汽-大众奥迪,奥迪A6L,2019款 45 TFSI 臻选致雅型,一汽大众奥迪A6L变速箱故障灯亮无法行驶,"B96,B334,",2020-06-06,信息审核
481374,一汽-大众,迈腾,2020款 380TSI DSG 豪华型,一汽大众迈腾车联网功能失灵无法正常使用,"H155,",2020-06-06,用户评分
481373,吉利汽车,星越,2019款 350T 驭星者,吉利星越车机系统与厂家宣传不符欺骗消费者,"M279,",2020-06-06,信息审核
481369,北京现代,名图,2019款 1.6T 自动 旗舰型TOP 国VI,北京现代名图车门保护焊点穿孔质量差	,"H79,",2020-06-06,信息审核
481366,吉利新能源,帝豪新能源,2018款 EV450 精英型,吉利帝豪新能源慢充无法充电存在质量问题,"H340,",2020-06-06,处理反馈
481365,吉利汽车,嘉际,2019款 1.8TD 自动 悦享型,吉利嘉际导航地图老旧 备胎异常磨损,"H21,H157,M279,",2020-06-06,信息审核
481362,领克汽车,领克02,2018款 1.5T DCT 两驱 耀Pro版 国V,领克02大灯灯罩内部出现开裂的现象,"H220,",2020-06-06,处理反馈
481361,长安马自达,马自达3 昂克赛拉,2020款 2.0L 自动 质雅版,长安马自达昂克赛拉变速箱异响 车门下沉,"A24,B33,H149,M279,",2020-06-06,处理反馈
481360,东风标致,标致5008,2019款 380THP 精英版 7座,东风标致5008主驾驶侧座椅晃动 维修未解决,"H169,",2020-06-06,处理反馈
481359,上汽大众,朗逸,2017款 1.6L 手动 舒适版,上汽大众朗逸车内一直有异味而且无法去除	,"H185,",2020-06-06,信息审核
481357,长城汽车,哈弗M6,2019款 1.5T 手动 两驱 精英型 国V,哈弗M6中控台内部钢管生锈 车身异响 跑偏,"G117,H79,H15,",2020-06-06,用户评分
481356,上汽斯柯达,速派,2016款 TSI330 DSG 创行版,斯柯达速派变速箱机电单元故障要求解决,"B84,",2020-06-06,信息审核
481355,吉利汽车,星越,2019款 改款 350T 驭星者AWD,吉利星越倒车影像失灵 车机卡顿与宣传不符,"H134,M279,",2020-06-06,处理反馈
481354,一汽马自达,阿特兹,2018款 2.5L 蓝天运动版 国VI,一汽马自达阿特兹行驶时中控台和转向有异响,"D59,H101,H72,",2020-06-06,处理反馈
481353,吉利汽车,博越,2016款 1.8TD 自动 两驱 智尊型,吉利博越散热风扇不转导致发动机拉缸,"A191,A329,",2020-06-06,处理反馈
481351,上汽大众,桑塔纳,2019款 1.5L 手动 风尚版 国VI,上汽大众桑塔纳起步打方向盘时有异响,"D59,",2020-06-06,信息审核
481349,东风风行,风行T5L,2020款 1.5T 自动 豪华型 5座 国VI,东风风行T5L行驶过程中发动机熄火故障灯亮,"A34,A14,",2020-06-06,处理反馈
481348,北京现代,领动,2018款 1.6L 自动 15周年特别版,北京现代领动车身漏水多次维修未解决,"H109,",2020-06-06,信息审核
481347,江淮汽车,江淮iEVS4,2019款 豪华智享型,江淮iEVS4高压电池报警维修使用旧件,"H343,N316,",2020-06-06,处理反馈
481346,江淮汽车,瑞风M3,2019款 宜家版 1.8L 豪华 智能型,江淮瑞风M3行驶时跑偏轮胎异常磨损,"G245,G117,I295,",2020-06-06,处理反馈
481344,奇瑞新能源,奇瑞eQ,2015款 舒适型,奇瑞eQ电路故障导致无法行驶希望处理	,"H110,",2020-06-06,厂家受理
481343,一汽马自达,阿特兹,2020款 2.5L 蓝天运动版,一汽马自达阿特兹B柱和车门出现异响,"H72,H15,",2020-06-06,处理反馈
481340,东风标致,标致408,2015款 1.2T 自动 豪华版,东风标致408风扇电阻故障要求厂家召回,"A191,",2020-06-06,处理反馈
481339,东风本田,本田XR-V,2017款 1.5L LXi CVT 经典版,东风本田XR-V副驾驶座椅底部有焊接痕迹,"M284,",2020-06-06,处理反馈
481337,吉利汽车,星越,2019款 300T 耀星者,吉利星越车机系统卡顿黑屏死机与宣传不符,"H134,L314,M279,",2020-06-06,处理反馈
481325,吉利汽车,星越,2019款 350T 耀星者,吉利星越车机系统卡顿死机反应延迟,"H134,L314,",2020-06-06,处理反馈
481321,吉利汽车,博越,2020款 1.8TD DCT 智尊PRO,吉利博越挂R挡倒车会有异响希望解决,"B33,",2020-06-06,处理反馈
481320,领克汽车,领克01,2019款 2.0T 两驱 耀Pro版 国VI,领克01行驶中油门踏板抖动影响驾驶体验,"A174,",2020-06-06,处理反馈
481319,东风标致,标致408,2014款 1.6T 自动 至尊版,东风标致408发动机故障灯亮怠速抖动,"A34,A35,H271,",2020-06-06,处理反馈
481318,长安汽车,长安欧尚X7,2020款 1.5T 自动 豪华型,长安欧尚X7变速箱异响顿挫 底盘异响,"B33,B19,G56,H164,",2020-06-06,厂家受理
481317,长安马自达,马自达3 昂克赛拉,2016款 1.5L 手动 豪华型 三厢,长安马自达昂克赛拉导航屏幕有开胶的现象,"H134,",2020-06-06,处理反馈
481316,东风乘用车,奕炫,2020款 200T 自动 炫目版,东风风神奕炫行驶过程中车辆向右侧跑偏,"G117,",2020-06-06,信息审核
481315,上汽大众,凌渡,2017款 230TSI DSG 风尚版,上汽大众凌渡换挡机构故障变速箱故障灯亮,"B96,B184,",2020-06-06,厂家受理
481311,长安铃木,启悦,2015款 1.6L 自动 乐享型,长安铃木启悦后备箱支撑杆连接轴损坏,"H68,",2020-06-06,厂家受理
481310,吉利汽车,帝豪GS,2016款 1.8L 手动 领尚型 运动版,吉利帝豪GS分离轴承存在缺陷存在安全隐患,"C267,",2020-06-06,处理反馈
481304,吉利汽车,博越,2020款 1.8TD DCT 智尊PRO,吉利博越新车左转向半轴有严重异响,"G204,",2020-06-06,处理反馈
481303,开瑞汽车,优优EV,2018款 40kWh磷酸铁锂动力电池组车型,开瑞优优EV动力电池延保政策不兑现,"L314,",2020-06-06,处理反馈
481302,吉利汽车,帝豪GL,2017款 1.3T 自动 旗舰型,吉利帝豪GL座椅倾斜 自适应巡航故障,"H169,H253,",2020-06-06,处理反馈
481301,东风标致,标致4008,2018款 350THP 精英版,东风标致4008方向盘异响 天窗漏水,"D59,H90,",2020-06-06,信息审核
481300,长安汽车,悦翔,2010款 1.5 自动 舒适型 两厢,长安悦翔底盘侧裙严重生锈希望尽快处理,"H79,",2020-06-06,处理反馈
481296,上汽大众,途观L,2017款 330TSI 两驱 豪华版,上汽大众途观L正常行驶中变速箱突然失灵,"B84,",2020-06-06,信息审核
481292,一汽-大众,迈腾,2019款 330TSI DSG 豪华型 国VI,一汽大众迈腾变速箱刹车中控台异响,"B33,B19,E43,H164,H93,H89,",2020-06-06,处理反馈
481291,一汽-大众,速腾,2019款 280TSI DSG 舒适型 国VI,一汽大众速腾车机系统卡顿Carplay连接失败,"H134,H155,",2020-06-06,用户评分
481290,长安汽车,睿骋CC,2018款 1.5T 自动 豪雅型光芒版 国V,长安睿骋CC后视镜折叠后松垮希望厂家处理,"H211,",2020-06-06,处理反馈
481289,北京奔驰,奔驰GLK,2014款 260 4MATIC 自动 动感型,北京奔驰GLK踩油门加速时发动机异响,"A9,",2020-06-06,信息审核
481288,雷克萨斯,雷克萨斯LS,2006款 4.6  自动,雷克萨斯LS仪表盘胶皮开裂并且出油,"H176,",2020-06-06,厂家受理
481287,奇瑞汽车,瑞虎8,2019款 1.6TGDI 自动 尊贵型,奇瑞瑞虎8停车时提示P挡故障4S店无法解决,"B96,",2020-06-06,处理反馈
481285,一汽红旗,红旗HS5,2019款 2.0T 智联旗享版,一汽红旗HS5高速及大风天气A柱漏风,"H144,",2020-06-06,信息审核
481284,一汽-大众奥迪,奥迪A4L,2019款 40 TFSI 时尚型 国VI,一汽大众奥迪A4L车灯正下方缝隙处漆面脱落,"H81,",2020-06-06,信息审核
481282,一汽-大众,速腾,2018款 1.6L 自动 舒适型,一汽大众速腾购买新车无备胎售后不予处理,"O354,",2020-06-06,处理反馈
481281,上汽大众,凌渡,2018款 280TSI 双离合 舒适版,上汽大众凌渡车内异味导致头晕恶心,"H185,H121,",2020-06-06,信息审核
481279,一汽大众,捷达VS5,2019款 280TSI 自动 荣耀型,捷达VS5发动机盖漏水导致涡轮增压器锈蚀,"H79,H109,",2020-06-06,处理反馈
481277,江铃汽车,驭胜S350,2016款 2.4T 自动 两驱 柴油 豪华版 5座,江铃驭胜S350变速箱换挡时有异响	,"B33,",2020-06-06,信息审核
481276,上汽大众,朗逸,2017款 1.6L 自动 风尚版,上汽大众朗逸四条韩泰轮胎开裂影响驾驶	,"F100,",2020-06-06,信息审核
481275,一汽丰田,RAV4荣放,2020款 2.5L CVT 四驱 精英版 双擎,一汽丰田RAV4荣放机油增多希望厂家处理,"A339,",2020-06-06,信息审核
481272,一汽-大众,探岳,2019款 330TSI 两驱 豪华型 国V,一汽大众探岳四个尾灯灯罩无故开裂,"H168,H220,",2020-06-06,用户评分
481271,华晨宝马,宝马3系,2016款 320Li 时尚型,华晨宝马3系油箱漏油要求厂家提供补偿,"H75,",2020-06-06,信息审核
481269,东风英菲尼迪,英菲尼迪QX50,2015款 2.5L 悦享版,东风英菲尼迪QX50座椅加热开关故障,"H101,H67,H169,",2020-06-06,信息审核
481267,吉利汽车,帝豪GL,2019款 1.4T CVT 精英智享版,吉利帝豪GL后排座椅底部有烤糊现象,"H68,",2020-06-06,处理反馈
481266,吉利汽车,帝豪GS,2016款 1.8L 手动 领尚型 优雅版,吉利帝豪GS底盘支架及后备箱边角生锈,"H79,",2020-06-06,处理反馈
481264,一汽马自达,阿特兹,2020款 2.5L 蓝天尊崇版,一汽马自达阿特兹车身及车内多处位置异响,"H164,H15,",2020-06-06,处理反馈
481257,北京现代,名图,2017款 1.8L 自动 尊贵型 DLX 国V,北京现代名图后背箱缝隙大且油漆脱落,"H81,",2020-06-06,信息审核
481255,东风雪铁龙,雪铁龙C4L,2014款 1.8L 手动 智驱版 劲享型,东风雪铁龙C4L空调故障希望厂家处理问题,"H101,H110,",2020-06-06,处理反馈
481254,上汽大众,途昂,2017款 530 V6 四驱 至尊旗舰版,上汽大众途昂前大灯进水厂家拒绝更换	,"H88,",2020-06-06,信息审核
481252,一汽-大众奥迪,奥迪A4L,2019款 45 TFSI quattro 运动型 国V,一汽大众奥迪A4L天窗漏水存在质量问题,"H90,",2020-06-06,信息审核
481244,比亚迪,比亚迪F0,2011款 F0尚酷版 1.0 手动 尚酷型,比亚迪F0底盘生锈严重存在质量问题,"H79,",2020-06-06,用户评分
481243,广汽丰田,凯美瑞,2012款 凯美瑞·骏瑞 2.0S 自动 耀动版,广汽丰田凯美瑞空调不制冷希望厂家处理,"H101,",2020-06-06,处理反馈
481242,上汽大众,途安,2011款 1.4TSI DSG 智雅版 5座,上汽大众途安变速箱漏顿挫多次维修未解决,"B33,B19,B22,B95,B96,J298,",2020-06-06,处理反馈
481239,星途,星途LX,2019款 1.6T 星尊版,星途LX中控影音系统电流声大厂家未解决,"H134,H146,M279,",2020-06-06,信息审核
481238,长城汽车,长城C30,2016款 1.5L 手动 豪华型,长城C30佳通轮胎鼓包开裂厂家推诿未解决,"F100,F39,",2020-06-06,处理反馈
481237,吉利汽车,博瑞,2017款 2.4L 舒适型,吉利博瑞发动机烧机油存在质量问题,"A63,",2020-06-06,处理反馈
481236,吉利汽车,星越,2019款 350T 暗夜骑士限量版,吉利星越车机卡顿多功能方向盘按键失灵,"H134,",2020-06-06,处理反馈
481232,一汽马自达,马自达CX-4,2020款 2.0L 自动 两驱 蓝天活力版,一汽马自达CX-4中控台异响 A柱及B柱异响,"H93,H15,",2020-06-06,用户评分
481231,上汽大众,凌渡,2017款 230TSI DSG 风尚版,上汽大众凌渡发动机噪音大 变速箱异响,"A38,B33,E43,",2020-06-06,信息审核
481228,长安铃木,维特拉,2016款 1.4T 自动 四驱 旗舰型,长安铃木维特拉空调进气口附近生锈,"H79,",2020-06-06,厂家受理
481227,广汽丰田,凯美瑞,2019款 2.0G 豪华版 国VI,广汽丰田凯美瑞机油增多有浓烈的汽油味,"A339,",2020-06-06,处理反馈
481225,吉利汽车,星越,2019款 350T 耀星者,吉利星越车机系统卡顿操作版本与宣传不符,"H134,L314,M279,",2020-06-06,处理反馈
481223,上汽集团,名爵ZS,2017款 1.5L 自动 精英版,上汽名爵ZS发动机多部件生锈希望厂家处理,"H79,",2020-06-06,处理反馈
481220,东风标致,标致5008,2017款 380THP 无界版 7座,东风标致5008刹车盘异常磨损希望厂家处理,"E47,",2020-06-06,处理反馈
481219,领克汽车,领克02,2019款 1.5T DCT 两驱 劲Pro版 国VI,领克02倒车无影像更换摄像头未解决问题,"H134,",2020-06-06,处理反馈
481212,上汽大众,朗逸,2017款 1.6L 自动 风尚版,上汽大众朗逸四条韩泰轮胎老化龟裂,"F100,",2020-06-06,厂家受理
481210,一汽丰田,RAV4荣放,2015款 2.0L CVT 两驱都市版,一汽丰田RAV4荣放右前侧半轴防尘套漏油,"G51,",2020-06-06,信息审核
481209,一汽马自达,阿特兹,2020款 2.5L 蓝天运动版,一汽马自达阿特兹ABC柱异响 方向盘异响,"D59,H15,",2020-06-06,处理反馈
481208,广汽本田,飞度,2014款 1.5L CVT LX舒适型,广汽本田飞度停放一段时间再启动发动机异响,"A9,",2020-06-06,处理反馈
481204,上汽斯柯达,昕锐,2018款 1.6L 自动 舒适版,斯柯达昕锐安全气囊故障 发动机故障,"A34,H103,",2020-06-06,信息审核
481202,吉利汽车,星越,2020款 350T 驭星者AWD,吉利星越车机系统卡顿与宣传不符,"H134,M279,",2020-06-06,处理反馈
481201,上汽大众,凌渡,2019款 280TSI DSG 舒适版 国VI,上汽大众凌渡行驶粗糙路面时车内异响,"H164,",2020-06-06,信息审核
481200,吉利汽车,星越,2019款 300T 耀星者,吉利星越车机卡顿存在销售欺诈行为,"H134,M279,",2020-06-06,处理反馈
481198,吉利汽车,帝豪GL,2019款 1.4T CVT 尊贵智享型,吉利帝豪GL后排座椅垫子有破损现象,"H169,",2020-06-06,用户评分
481196,奇瑞汽车,瑞虎8,2019款 1.6TGDI 自动 豪华型,奇瑞瑞虎8变速箱漏油维修后未解决,"B22,",2020-06-06,用户评分
481195,广汽丰田,凯美瑞,2019款 2.0G 豪华版 国VI,广汽丰田凯美瑞强制购买保险且少开发票金额,"K325,",2020-06-06,处理反馈
481192,北京现代,途胜,2015款 1.6T   双离合 两驱 智能型,北京现代途胜升级后动力弱油耗高厂家未回复,"A38,A163,A85,I294,Q323,",2020-06-06,信息审核
481191,一汽马自达,阿特兹,2020款 2.5L 蓝天运动版,一汽马自达阿特兹两侧B柱异响 仪表台异响,"H93,H15,",2020-06-06,处理反馈
481190,一汽马自达,马自达CX-4,2020款 2.0L 自动 两驱 蓝天活力版,一汽马自达CX-4车身B柱C柱异响严重,"H164,H15,",2020-06-06,信息审核
481188,广汽丰田,雷凌,2019款 双擎 1.8H CVT 豪华版 国V,广汽丰田雷凌机油增多希望厂家处理问题,"A339,",2020-06-06,处理反馈
481187,奇瑞汽车,瑞虎8,2019款 1.6TGDI 自动 豪华型,奇瑞瑞虎8更新多媒体系统后无法换歌,"H134,",2020-06-06,处理反馈
481184,一汽马自达,阿特兹,2020款 2.5L 蓝天尊崇版,一汽马自达阿特兹中控台异响希望厂家处理问题,"H93,",2020-06-06,处理反馈
481183,一汽-大众奥迪,奥迪Q5,2017款 Plus 40 TFSI 进取型,一汽大众奥迪Q5发动机漏油存在安全隐患,"A12,",2020-06-06,信息审核
481181,上汽大众,途观L,2019款 330TSI 自动 两驱 全景舒适版 国V,上汽大众途观L漆面有凸起污点厂家未回复,"H81,I294,",2020-06-06,信息审核
481179,一汽-大众奥迪,奥迪A3,2018款 Limousine 1.4T 时尚型 30周年年型,一汽大众奥迪A3后排空调出风口无导风管道,"M279,",2020-06-06,信息审核
481177,一汽奔腾,奔腾B30,2017款 1.6L 自动 尊享型,奔腾B30发动机熄火希望厂家处理问题,"A14,",2020-06-06,信息审核
481175,一汽-大众,速腾,2019款 280TSI DSG 舒适型 国VI,一汽大众速腾上坡辅助功能与宣传不符,"H170,M279,",2020-06-06,处理反馈
481173,吉利汽车,帝豪,2018款 1.5L CVT 向上互联版,吉利帝豪底盘异响仪表开裂座椅鼓包,"G56,H176,H155,H169,O348,",2020-06-06,处理反馈
481171,上汽集团,名爵6,2019款 20T 自动 Trophy 竞技版+运动尾排竞速套装,上汽名爵6变速箱顿挫售后拖延未解决,"B19,I282,",2020-06-06,处理反馈
481169,广汽丰田,凯美瑞,2019款 双擎 2.5HG 豪华版 国VI,广汽丰田凯美瑞发动机有机油增多现象,"A339,",2020-06-06,处理反馈
481168,东风日产,天籁,2019款 2.0L XL 舒适版,东风日产天籁方向盘异响厂家未解决问题,"D59,",2020-06-06,处理反馈
481166,一汽大众,捷达VS5,2019款 280TSI 手动 悦享型,捷达VS5车窗升降失灵售后服务网店少,"H67,O326,",2020-06-06,处理反馈
481165,一汽-大众,速腾,2019款 200TSI DSG 时尚型 国VI,一汽大众速腾变速箱漏油低速抖动严重,"B22,B95,",2020-06-06,处理反馈
481159,吉利汽车,星越,2019款 350T AWD 驭星者,吉利星越车机系统卡顿要求免费更换,"H134,",2020-06-06,处理反馈
481158,上汽通用五菱,五菱宏光,2019款 1.5L S 基本型 L2B,上汽通用五菱宏光经消商未安装原厂中控钥匙,"N319,",2020-06-06,处理反馈
481156,广汽丰田,凯美瑞,2019款 2.0G 豪华版 国VI,广汽丰田凯美瑞行驶中发动机失去动力,"A255,",2020-06-06,处理反馈
481155,东风日产,阳光,2011款 1.5L CVT XE 舒适版,东风日产阳光行驶时变速箱故障灯亮,"B96,",2020-06-06,处理反馈
481154,一汽马自达,阿特兹,2020款 2.5L 蓝天运动版,一汽马自达阿特兹A柱B柱及中控异响,"H72,H93,H15,",2020-06-06,处理反馈
481153,众泰汽车,众泰E200,2016款 纯电动 三门两座科技版,众泰E200正常行驶中动力突然缺失,"A255,",2020-06-06,信息审核
481152,一汽马自达,阿特兹,2020款 2.5L 蓝天尊崇版,一汽马自达阿特兹车内异响严重影响安全驾驶,"H164,H15,",2020-06-06,处理反馈
481150,一汽-大众,探岳,2019款 330TSI 两驱 豪华型 国Ⅵ,一汽大众探岳大灯透镜有脏点及水渍印,"H82,",2020-06-06,处理反馈
481149,上汽集团,名爵HS,2018款 20T 自动 两驱 荷尔蒙劲取版 国V,上汽名爵HS电瓶亏电停放3天无法启动,"H146,",2020-06-06,处理反馈
481148,一汽奔腾,奔腾T77,2019款 230 TID 自动 尊享型 国V,一汽奔腾T77发动机及变速箱故障灯亮,"A34,B96,B334,B27,",2020-06-06,信息审核
481145,一汽马自达,阿特兹,2020款 2.5L 蓝天尊崇版,一汽马自达阿特兹中控台及ABC柱异响,"H93,H15,",2020-06-06,处理反馈
481141,一汽马自达,阿特兹,2018款 2.0L 蓝天豪华版 国VI,一汽马自达阿特兹怠速时方向盘明显抖动,"D80,H79,",2020-06-06,信息审核
481139,一汽马自达,阿特兹,2020款 2.5L 蓝天运动版,马自达阿特兹B柱异响维修后A柱及C柱异响,"H15,",2020-06-06,处理反馈
481138,东风日产,逍客,2019款 2.0L CVT 智享版,东风日产逍客发动机故障灯亮维修后未解决,"A34,",2020-06-06,处理反馈
481135,领克汽车,领克01,2017款 2.0T 自动 两驱 型 Pro,领克01官方发布车机换代信息一直未实施,"L314,",2020-06-06,处理反馈
481131,东风雷诺,科雷嘉,2019款 SCe200 自动 两驱 智悦型 周年版 国V,东风雷诺科雷嘉宣传免费车机联网未兑现,"M279,",2020-06-06,信息审核
481130,一汽大众,捷达VS5,2019款 280TSI 自动 荣耀型,捷达VS5前风挡漏水导致涡轮增压器生锈,"H109,",2020-06-06,用户评分
481129,上汽大众,朗逸,2019款 1.5L 自动 风尚版 国VI,上汽大众朗逸安全带卡死 车内异响,"H164,H118,",2020-06-06,信息审核
481127,吉利汽车,星越,2019款 350T 暗夜骑士限量版,吉利星越车机无法升级到最新版本,"H134,L313,",2020-06-06,用户评分
481124,上汽大众,凌渡,2019款 280TSI DSG 舒适版 国V,上汽大众凌渡置换补贴未兑现希望厂家处理,"L313,",2020-06-06,信息审核
481121,一汽-大众,探岳,2019款 330TSI 两驱 豪华型 国Ⅵ,一汽大众探岳大灯有白雾影响夜间行车安全,"H82,",2020-06-06,用户评分
481117,凯翼汽车,凯翼X3,2017款 1.6L 手动 发烧友版 国V,凯翼X3五挡行驶中脱挡存在安全隐患,"B246,",2020-06-06,信息审核
481115,一汽马自达,马自达CX-4,2020款 2.0L 自动 两驱 蓝天品位版,一汽马自达CX-4左右A柱B柱C柱异响,"H15,",2020-06-06,处理反馈
481113,一汽解放,解放J6P,自卸车后八轮,一汽解放J6P货箱底部拉筋断裂存在隐患,"H168,",2020-06-06,信息审核
481111,吉利汽车,星越,2019款 300T 耀星者,吉利星越车机卡顿 手机远程控制APP故障,"H134,H155,",2020-06-06,用户评分
481110,众泰汽车,大迈X5,2017款 1.5T CVT 知县型 升级版,众泰大迈X5雨刮器损坏一直无配件更换,"H60,N318,",2020-06-06,信息审核
481109,广汽丰田,凯美瑞,2016款 2.5G 自动 十周年纪念豪华导航版,广汽丰田凯美瑞刹车时异响 加速时异响,"E43,",2020-06-06,处理反馈
481108,一汽奔腾,奔腾B50,2016款 1.6L 手动 舒适型,一汽奔腾B50车身多处生锈希望厂家处理,"H79,",2020-06-06,信息审核
481106,一汽马自达,马自达CX-4,2020款 2.0L 自动 两驱 蓝天活力版,一汽马自达CX-4车内异响 车门异响,"H72,H164,H15,",2020-06-06,用户评分
481101,东风日产,蓝鸟,2019款 1.6L 手动 炫酷版 国VI,东风日产蓝鸟刹车偏软制动距离长,"D265,E269,",2020-06-06,处理反馈
481100,上汽大众,朗逸,2018款 1.5L 自动 舒适版 国V,上汽大众朗逸电瓶电量不足4S店不予质保,"H146,",2020-06-06,信息审核
481098,上汽大众,途观L,2017款 380TSI 四驱 豪华版,上汽大众途观L下支臂异响希望尽快解决,"G56,G210,",2020-06-06,厂家受理
481094,吉利汽车,缤越,2019款 260T DCT 游侠 国V,吉利缤越接缝处漆面起泡掉漆,"H81,",2020-06-06,处理反馈
481093,奇瑞捷豹路虎,捷豹XEL,2020款 2.0T 200PS R-DYNAMIC 青春运动版,奇瑞捷豹XEL官网购车权益订单不兑现,"L313,",2020-06-06,处理反馈
481092,一汽-大众,探岳,2019款 330TSI 两驱 豪华型 国Ⅵ,大众探岳前大灯模糊泛白不透亮 启停异常,"H82,H263,",2020-06-06,用户评分
481091,一汽-大众,速腾,2019款 280TSI DSG 舒适型 国VI,一汽大众速腾坡道辅助功能无法使用,"H170,",2020-06-06,处理反馈
481087,一汽丰田,威驰,2017款 1.3L CVT 锐行版,一汽丰田威驰行驶中发动机异响4S店不处理,"A9,",2020-06-05,信息审核
481082,东风标致,标致408,2019款 350THP 自动 豪华版 国V,东风标致408加装倒车影像频繁故障,"H134,",2020-06-05,处理反馈
481078,东风悦达起亚,起亚K3,2016款 1.6L 自动 GL,东风悦达起亚K3左后轮异响 右前轮异响,"G125,",2020-06-05,处理反馈
481076,广汽丰田,凯美瑞,2008款 240G 2.4 自动 豪华版,广汽丰田凯美瑞中控仪表台出油开裂且粘手,"H176,",2020-06-05,处理反馈
481075,上汽集团,名爵ZS,2017款 1.5L 自动 豪华版,上汽名爵ZS正常行驶中发动机突然停止工作,"A255,",2020-06-05,用户评分
481074,一汽大众,捷达VS5,2019款 280TSI 自动 悦享型,捷达VS5机油变少 换挡顿挫 方向异响,"A34,B19,D59,",2020-06-05,处理反馈
481073,上汽大众,途铠,2019款 1.5L 自动 舒适版,上汽大众途凯电瓶不存电一直不予解决,"H146,",2020-06-05,信息审核
481072,一汽马自达,马自达CX-4,2020款 2.0L 自动 两驱 蓝天品位版,一汽马自达CX-4 A柱及B柱位置异响,"H15,",2020-06-05,处理反馈
481068,一汽马自达,阿特兹,2018款 2.5L 蓝天尊崇版 国VI,一汽马自达阿特兹过减速带或原地打方向异响,"D59,",2020-06-05,用户评分
481066,众泰汽车,众泰SR9,2017款 2.0T 自动 极致之梦版,众泰SR9大灯内有水雾斑点无法擦除,"H88,",2020-06-05,处理反馈
481064,东风日产,逍客,2016款 2.0L CVT 精英版,东风日产逍客冷车时变速箱抖动希望厂家处理,"B95,B96,B334,",2020-06-05,信息审核
481063,一汽马自达,阿特兹,2020款 2.5L 蓝天运动版,一汽马自达阿特兹车内和AB柱异响严重,"H15,",2020-06-05,处理反馈
481060,奇瑞汽车,艾瑞泽GX,2018款 1.5T CVT 型色版 国V,奇瑞艾瑞泽GX车门漏风车身有生锈现象,"H79,H144,",2020-06-05,处理反馈
481059,东风雪铁龙,雪铁龙C4L,2015款 1.2T 自动 尊贵版,东风雪铁龙C4L发动机严重烧机油,"A63,A114,I294,O296,",2020-06-05,信息审核
481057,华晨宝马,宝马5系,2020款 530Li xDrive M运动套装,华晨宝马5系置换补贴经销商未通知,"O296,",2020-06-05,信息审核
481053,一汽-大众,速腾,2018款 280TSI DSG熠动版,一汽大众速腾韩泰轮胎老化开裂,"F100,",2020-06-05,处理反馈
481052,广汽乘用车,传祺GA6,2015款 1.8T 自动 豪华导航版,广汽传祺GA6维修操作不规范导致漏油,"J300,J299,J304,",2020-06-05,信息审核
481051,广汽本田,飞度,2018款 1.5L 手动 舒适版,广汽本田飞度发动机异响希望厂家处理问题,"A9,",2020-06-05,用户评分
481050,吉利汽车,星越,2019款 改款 350T 耀星者,吉利星越车机系统卡顿实际配置与宣传不符,"H134,M279,",2020-06-05,处理反馈
481048,吉利汽车,星越,2020款 350T 魅影骑士版AWD,吉利星越车机系统卡顿升级服务未兑现,"H134,L314,M279,",2020-06-05,处理反馈
481045,宝马（进口）,宝马6系GT,2019款 630i 豪华设计套装,进口宝马6系GT前挡风玻璃自然开裂,"H113,",2020-06-05,信息审核
481044,一汽丰田,亚洲龙,2019款 2.0L 进取版 国VI,一汽丰田亚洲龙行驶中胎噪及风噪声音大,"H15,",2020-06-05,信息审核
481042,吉利汽车,嘉际,2019款 1.5TD MHEV DCT 臻享型,吉利嘉际车机系统卡顿售后未解决问题,"H134,J298,J301,",2020-06-05,处理反馈
481040,一汽-大众,速腾,2017款 1.6L 手动 舒适型,一汽大众速腾防侧滑和ABS故障灯亮,"E74,E62,H170,H203,",2020-06-05,处理反馈
481037,一汽马自达,阿特兹,2018款 2.5L 蓝天运动版 国VI,一汽马自达阿特兹中控台支架连接杆生锈,"H79,",2020-06-05,信息审核
481032,一汽丰田,威驰,2017款 1.5L 手动 创行版,一汽丰田威驰空调异响车身振动严重,"B33,H101,",2020-06-05,信息审核
481031,一汽马自达,阿特兹,2020款 2.5L 蓝天尊崇版,一汽马自达阿特兹中控台AB柱和天窗异响,"H93,H15,H89,",2020-06-05,处理反馈
481028,一汽马自达,阿特兹,2020款 2.5L 蓝天运动版,一汽马自达阿特兹B柱中控异响严重,"H93,H15,J298,",2020-06-05,处理反馈
481027,上汽通用五菱,宝骏E200,2019款 250KM 智行版,宝骏E200免费充电桩安装电线收取费用高,"K308,",2020-06-05,处理反馈
481026,沃尔沃亚太,沃尔沃S60,2019款 T5 智远版,亚太沃尔沃S60冷车启动怠速时车身抖动,"H268,",2020-06-05,信息审核
481025,上汽集团,名爵HS,2018款 30T 自动 两驱 Trophy 荷尔蒙超燃版 国V,上汽名爵HS变速箱顿挫转向异响严重,"B19,D59,",2020-06-05,处理反馈
481022,北京现代,索纳塔八,2011款 2.0 GLS领先版,北京现代索纳塔八中控台塑料件开裂,"H176,",2020-06-05,信息审核
481021,吉利汽车,博越,2016款 1.8TD 自动 四驱 智慧型,吉利博越油底壳变形导致发动机熄火,"A14,",2020-06-05,处理反馈
481019,奇瑞汽车,捷途X90,2019款 1.5T 自动 智享型 6座 国V,捷途X90厂家销售活动经销商未履行,"L313,",2020-06-05,处理反馈
481017,一汽马自达,阿特兹,2020款 2.5L 蓝天运动版,一汽马自达阿特兹车身B柱和中控台异响,"H93,H15,",2020-06-05,处理反馈
481016,上汽大众,朗逸,2019款 1.5L 自动 舒适版 国VI,上汽大众朗逸遥控钥匙失灵希望厂家处理,"H119,",2020-06-05,信息审核
481015,上汽通用五菱,宝骏530,2018款 1.5T 手动 舒适型 国V,宝骏530佳通轮胎出现裂纹安全隐患,"F100,",2020-06-05,用户评分
481011,吉利汽车,星越,2019款 300T 耀星者,吉利星越车机系统卡顿死机 与宣传不符,"H134,M279,",2020-06-05,处理反馈
481009,长安汽车,长安CS75 PLUS,2020款 1.5T 自动 豪华型,长安CS75 PLUS变速箱漏油存在质量问题,"B22,",2020-06-05,处理反馈
481008,一汽马自达,阿特兹,2020款 2.5L 蓝天运动版,一汽马自达阿特兹车身B柱天窗异响严重,"H15,H89,",2020-06-05,处理反馈
481003,广汽丰田,汉兰达,2017款 2.0T 两驱 精英版 5座,广汽丰田汉兰达变速箱加速无力升挡不积极,"B20,B334,",2020-06-05,处理反馈
481000,广汽三菱,劲炫ASX,2018款 2.0L CVT 两驱 尊享版,广汽三菱劲炫ASX整体装备质量差问题多,"A24,B19,H268,H72,H211,M284,N317,",2020-06-05,厂家受理
480999,吉利汽车,星越,2019款 改款 300T 耀星者,吉利星越车机卡顿操作系统与宣传不符,"H134,L314,M279,",2020-06-05,用户评分
480995,天津一汽,骏派A70,2016款 1.6L 手动 技术型,天津一汽骏派A70转向不回位有卡顿,"D123,D265,",2020-06-05,信息审核
480994,上汽斯柯达,昊锐,2012款 1.8TSI 手动 优雅版,斯柯达昊锐车内异味希望厂家处理问题,"H185,",2020-06-05,处理反馈
480991,北京现代,悦动,2017款 1.6L 自动 悦值版 GLS,北京现代悦动发动机冷车异响希望处理,"A9,",2020-06-05,信息审核
480989,上汽大众,途观L,2017款 330TSI 两驱 旗舰版,上汽大众途观L变速箱跳挡顿存在质量问题,"B19,B27,",2020-06-05,信息审核
480987,一汽-大众奥迪,奥迪A4L,2017款 2.0T 双离合 进取型,一汽大众奥迪A4L转向机进水烧毁4S店拒赔,"D265,I297,Q322,",2020-06-05,信息审核
480984,上汽斯柯达,速派,2018款 TSI330 DSG 舒适版 国V,上汽斯柯达速派变速箱故障要求延保,"B96,B115,I295,I297,J298,",2020-06-05,用户评分
480981,一汽-大众,速腾,2019款 280TSI DSG 舒适型 国V,一汽大众速腾漆面发黄掉漆希望厂家处理,"H81,H201,",2020-06-05,用户评分
480980,一汽马自达,阿特兹,2020款 2.5L 蓝天尊崇版,一汽马自达阿特兹车身B柱与车门异响,"H72,H164,H15,",2020-06-05,处理反馈
480979,上汽大众,朗逸,2017款 1.6L 手动 舒适版,上汽大众朗逸韩泰轮胎开裂厂家回复不属实,"F100,I297,",2020-06-05,厂家受理
480978,长安汽车,睿骋,2014款 1.8T 自动 尊贵周年版 国IV,长安睿骋车窗升降器故障车内有异味,"H185,H67,",2020-06-05,处理反馈
480977,奇瑞汽车,瑞虎8,2019款 1.6TGDI 自动 豪华型,奇瑞瑞虎8大灯起雾变速箱顿挫刹车偏软,"B19,E269,H88,",2020-06-05,处理反馈
480976,一汽马自达,阿特兹,2020款 2.5L 蓝天运动版,一汽马自达阿特兹行驶时中控异响 转向异响,"D59,H93,",2020-06-05,用户评分
480974,北京现代,领动,2020款 1.4T 双离合 炫动·活力型,北京现代领动机盖变形两前大灯不对称,"G225,H209,I295,I281,",2020-06-05,信息审核
480972,一汽马自达,阿特兹,2020款 2.5L 蓝天尊崇版,一汽马自达阿特兹A柱B柱中控异响,"H93,H15,",2020-06-05,处理反馈
480969,东风日产,逍客,2016款 2.0L CVT 旗舰版,东风日产逍客变速箱无法加速抖动 钢带磨损,"B95,B334,B77,",2020-06-05,处理反馈
480967,吉利汽车,星越,2019款 改款 350T 耀星者,吉利星越车机卡顿卡死严重影响行驶安全,"H155,",2020-06-05,处理反馈
480966,长城汽车,WEY VV5,2020款 1.5T 两驱 智先锋,WEY VV5经销商出售库存车希望尽快处理,"M283,",2020-06-05,处理反馈
480965,广汽本田,雅阁,2018款 260TURBO 精英版 国VI,广汽本田雅阁后备箱盖锁好后会自己弹开,"H68,",2020-06-05,处理反馈
480961,东风日产,蓝鸟,2018款 1.6L CVT 智酷潮音版,东风日产蓝鸟变速箱打滑4S店态度恶劣,"B246,I293,",2020-06-05,处理反馈
480959,一汽-大众,探岳,2019款 330TSI 两驱 豪华型 国V,一汽大众探岳大灯发白照明亮度不足,"H82,",2020-06-05,处理反馈
480958,一汽-大众,速腾,2018款 280TSI 双离合 舒适型,一汽大众速变速箱异响存在质量问题,"B33,",2020-06-05,用户评分
480956,一汽马自达,阿特兹,2020款 2.5L 蓝天至尊版,一汽马自达阿特兹车内多处异响未解决,"H164,I295,",2020-06-05,处理反馈
480955,北京奔驰,奔驰C级,2017款 C 200 运动版,北京奔驰C级漆面掉漆希望厂家处理问题,"H81,",2020-06-05,信息审核
480953,一汽-大众,高尔夫,2015款 1.4TSI 自动 舒适型,一汽大众高尔夫变速箱故障灯亮存在质量问题,"B96,",2020-06-05,处理反馈
480951,一汽马自达,阿特兹,2020款 2.5L 蓝天运动版,一汽马自达阿特兹车身B柱异响希望解决,"H15,",2020-06-05,处理反馈
480950,一汽-大众,迈腾,2016款 1.8TSI 智享舒适型,一汽大众迈腾4S店维修技术差故障未解决,"J303,",2020-06-05,处理反馈
480948,上汽集团,荣威RX8,2018款 30T 两驱 智联网 旗舰版 7座,上汽荣威RX8发动机漏机油车辆存在严重隐患,"A12,",2020-06-05,处理反馈
480947,吉利汽车,星越,2019款 300T 耀星者,吉利星越车机系统卡顿希望尽快处理,"H155,",2020-06-05,处理反馈
480946,上汽集团,名爵6,2017款 20T 自动 Trophy尊享互联网版 国V,上汽名爵6车大灯密封性不佳严重起雾,"H82,",2020-06-05,处理反馈
480945,东风悦达起亚,智跑,2019款 2.0L 自动 智享豪华版,东风悦达起亚智跑过颠簸路段底盘异响,"G56,",2020-06-05,处理反馈
480944,上汽斯柯达,速派,2018款 TSI380 DSG 旗舰版 国Ⅵ,斯柯达速派车轮异响 自动大灯频繁故障,"G125,H64,",2020-06-05,信息审核
480941,一汽马自达,阿特兹,2020款 2.5L 蓝天运动版,一汽马自达阿特兹车身顶棚及两侧B柱异响,"H164,H15,",2020-06-05,处理反馈
480938,一汽马自达,阿特兹,2020款 2.5L 蓝天运动版,一汽马自达阿特兹车身B柱和车内异响,"H164,H15,",2020-06-05,处理反馈
480933,一汽-大众奥迪,奥迪A4L,2019款 40 TFSI 进取型 国V,一汽大众奥迪A4L变速箱异响抖动严重,"B33,B95,",2020-06-05,信息审核
480931,奔驰（进口）,奔驰GLE,2020款 GLE 350 4MATIC 豪华型 改款,奔驰GLE350中控黑屏轮胎爆胎配置不符,"A44,F130,H134,I295,M279,M315,O354,",2020-06-05,信息审核
480927,一汽-大众,速腾,2018款 280TSI 双离合 舒适型,一汽大众速腾韩泰轮胎开裂希望尽快处理,"F100,",2020-06-05,处理反馈
480926,雷克萨斯,雷克萨斯CT,2017款 CT200h 精英版 单色 国VI,雷克萨斯CT优科豪马轮胎有裂纹希望厂家处理,"F100,",2020-06-05,处理反馈
480924,北京奔驰,奔驰C级,2015款 180 L 运动型 改款,北京奔驰C180L空调制冷效果差不给保修,"H101,I297,",2020-06-05,信息审核
480923,一汽马自达,马自达CX-4,2020款 2.0L 自动 两驱 蓝天活力版,一汽马自达CX-4车内多处异响未解决,"H164,I295,I293,M315,",2020-06-05,用户评分
480922,一汽-大众,探岳,2019款 330TSI 两驱 豪华型 国Ⅵ,一汽大众探岳大灯透镜发白浑浊不清,"H82,",2020-06-05,处理反馈
480919,一汽马自达,阿特兹,2020款 2.5L 蓝天尊崇版,一汽马自达阿特兹B柱C柱异响严重,"H15,",2020-06-05,用户评分
480917,东风日产,天籁,2016款 2.0L XL 舒适版,东风日产天籁变速箱无法提速影响使用,"B334,",2020-06-05,用户评分
480912,上汽通用五菱,宝骏360,2018款 1.5L 自动 精英型 国V,宝骏360经销商出售库存车要求厂家解决,"M283,",2020-06-05,用户评分
480911,一汽马自达,阿特兹,2020款 2.5L 蓝天尊崇版,一汽马自达阿特兹车身AB柱天窗异响,"H164,H15,H89,",2020-06-05,处理反馈
480910,一汽-大众,宝来,2019款 改款 1.5L 手动 时尚型 国VI,一汽大众宝来后备箱有异响希望厂家处理,"H68,",2020-06-05,处理反馈
480908,北京汽车,威旺S50,2016款 1.5T CVT 欢动 尊贵型,北汽威旺S50变速箱故障灯亮挂挡后无法行驶,"B96,B334,",2020-06-05,信息审核
480906,一汽-大众奥迪,奥迪Q5,2016款 40 TFSI 舒适型,一汽大众奥迪Q5漏防冻液 节温器质量差,"A37,A191,",2020-06-05,信息审核
480904,一汽-大众,速腾,2018款 280TSI DSG熠动版,一汽大众速腾行驶过程中未检测到钥匙,"A9,H119,",2020-06-05,处理反馈
480901,北京现代,途胜,2015款 1.6T   双离合 两驱 智能型,北京现代途胜厂家召回升级后油耗升高动力弱,"A38,A163,A85,Q323,",2020-06-05,信息审核
480900,一汽-大众,速腾,2018款 280TSI DSG熠动版,一汽大众速腾发动机高压泵异响严重,"A9,",2020-06-05,处理反馈
480893,一汽-大众,迈腾,2020款 330TSI DSG 领先型,一汽大众迈腾缴纳定金经销商违约不出售,"L313,",2020-06-05,处理反馈
480892,星途,星途TX,2019款 TXL 1.6T 两驱 钻石版,星途TX发动机自动启停功能频繁故障,"H263,H201,",2020-06-05,信息审核
480890,众泰汽车,众泰SR9,2017款 2.0T 自动 极致之梦版,众泰SR9变速箱异响顿挫 厂家无配件,"B33,B19,N318,",2020-06-05,处理反馈
480886,一汽马自达,阿特兹,2020款 2.5L 蓝天运动版,一汽马自达阿特兹车身AB柱及顶棚异响,"H15,",2020-06-05,处理反馈
480885,一汽马自达,阿特兹,2020款 2.5L 蓝天尊崇版,一汽马自达阿特兹右侧B柱及刹车踏板异响,"E43,H15,",2020-06-05,用户评分
480884,广汽本田,锋范经典,2012款 1.5L 自动 精英版,广汽本田锋范经典底盘与车身连接处生锈腐蚀,"H79,",2020-06-05,处理反馈
480883,一汽马自达,阿特兹,2020款 2.5L 蓝天运动版,一汽马自达阿特兹副驾驶B柱异响,"H15,",2020-06-05,处理反馈
480881,吉利汽车,嘉际,2019款 1.5TD MHEV DCT 尊享型,吉利嘉际转向及前桥异响流光灯功能损坏,"D59,G158,H155,H82,L314,",2020-06-05,处理反馈
480879,一汽马自达,阿特兹,2020款 2.5L 蓝天尊崇版,一汽马自达阿特兹车身异响 天窗及中控异响,"H93,H15,H89,",2020-06-05,用户评分
480873,东风日产,逍客,2016款 2.0L CVT 旗舰版,东风日产逍客起步无力 变速箱顿挫,"B19,B334,",2020-06-05,用户评分
480869,一汽马自达,阿特兹,2020款 2.5L 蓝天运动版,一汽马自达阿特兹车内后视镜掉落,"H211,J306,",2020-06-05,信息审核
480864,广汽丰田,凯美瑞,2012款 凯美瑞·骏瑞 2.0S 自动 耀动版,广汽丰田凯美瑞方向盘天窗异响严重,"D59,H89,",2020-06-05,处理反馈
480863,北汽昌河,昌河M70,2017款 1.5L 商务舱,北汽昌河M70经销商无配件希望尽快处理,"N318,",2020-06-05,信息审核
480858,长城汽车,长城C30,2010款 1.5 手动 舒适型,长城C30车身生锈没有配件未解决,"H79,I282,N318,",2020-06-05,处理反馈
480857,吉利汽车,星越,2019款 改款 350T 耀星者,吉利星越车机断网卡顿与宣传不符,"H134,M279,",2020-06-05,处理反馈
480856,一汽马自达,阿特兹,2020款 2.5L 蓝天尊崇版,一汽马自达阿特兹AB柱异响 顶棚异响,"H15,",2020-06-05,处理反馈
480850,吉利汽车,缤越,2019款 260T DCT 游侠 运动款 国V,吉利缤越车机系统无法升级希望尽快处理,"L313,",2020-06-05,处理反馈
480849,一汽马自达,阿特兹,2020款 2.5L 蓝天运动版,一汽马自达阿特兹顶棚异响 中控异响,"H93,H15,",2020-06-05,处理反馈
480848,一汽解放,柳特,柳特,一汽解放柳特离合器烧毁影响车辆正常使用,"C267,",2020-06-05,信息审核
480847,玛莎拉蒂,Levante,2016款 3.0T,玛莎拉蒂Levante分动器 减震器 发动机漏油,"A12,G25,G124,",2020-06-05,信息审核
480845,一汽-大众,迈腾,2017款 330TSI DSG 豪华型,一汽大众迈腾变速箱顿挫 厂家不回复,"B19,I294,",2020-06-05,处理反馈
480843,北京现代,现代ix25,2015款 1.6L 自动 两驱 智能型 GLS 5座,北京现代ix25行驶中发动机熄火缸体损坏,"A14,A136,",2020-06-05,信息审核
480842,南京依维柯,依维柯欧胜,2020款 2.3T 手动 运瑞 手动门 短轴 高顶 低功F1A,南京依维柯欧胜发动机故障灯亮多次维修,"A34,",2020-06-05,信息审核
480841,吉利汽车,博瑞,2015款 1.8T 舒适型,吉利博瑞电动助力系统故障导致方向盘抱死,"D57,",2020-06-05,用户评分
480839,一汽丰田,奕泽IZOA,2018款 2.0L 奕驰版 国V,一汽丰田奕泽变速箱顿挫转向异响制动异响,"B19,D59,E43,I295,",2020-06-05,信息审核
480837,上汽大众,途观L,2019款 330TSI 自动 两驱 风尚版 国VI,上汽大众途观L变速箱换挡时存在异响	,"B33,",2020-06-05,信息审核
480834,吉利汽车,星越,2019款 350T 耀星者,吉利星越车机版本与宣传不符希望处理,"L314,",2020-06-05,处理反馈
480830,广汽丰田,雷凌,2017款 1.2T G CVT 精英版,广汽丰田雷凌后备箱生锈 减震器漏油,"G25,H79,H81,H164,H93,",2020-06-05,用户评分
480829,吉利汽车,星越,2019款 350T 耀星者,吉利星越车机卡顿死机与宣传不符,"L314,M279,",2020-06-05,处理反馈
480828,吉利汽车,星越,2019款 改款 350T 耀星者,吉利星越车机卡顿操作软件与宣传不符,"H134,M279,",2020-06-05,处理反馈
480827,吉利汽车,缤越,2019款 260T DCT 骑士 国VI,吉利缤越车机无法升级希望尽快解决,"L314,O348,",2020-06-05,处理反馈
480826,上汽大众,途观,2016款 280TSI 自动 丝绸之路风尚版,上汽大众途观汽车前机盖无法打开望解决,"H197,J298,",2020-06-05,信息审核
480825,吉利汽车,缤越,2019款 260T DCT 游侠 国VI 运动款,吉利缤越车机系统出现卡顿而且无法升级,"H134,L314,O348,",2020-06-05,处理反馈
480824,一汽马自达,阿特兹,2020款 2.5L 蓝天尊崇版,一汽马自达阿特兹车内与车身多处异响,"D59,H164,H15,",2020-06-05,处理反馈
480823,吉利汽车,星越,2019款 300T 耀星者,吉利星越购车承诺赠送油卡不兑现,"L313,",2020-06-05,处理反馈
480822,奇瑞汽车,艾瑞泽5,2016款 1.5L CVT 领潮版,奇瑞艾瑞泽5变速箱油管爆裂要求处理,"B22,H266,",2020-06-05,用户评分
480820,北京现代,途胜,2015款 1.6T   双离合 两驱 智能型,北京现代途胜漆面有色差疑似喷过漆,"H201,M284,",2020-06-05,信息审核
480818,奇瑞汽车,艾瑞泽GX,2018款 1.5T CVT 型色版 国V,奇瑞艾瑞泽GX车身与车内多处生锈,"H79,",2020-06-05,处理反馈
480816,吉利汽车,博越,2018款 1.8TD 自动 两驱 智慧型 4G互联版,吉利博越行车电脑死机以及导航不准确,"H134,H21,",2020-06-05,用户评分
480815,吉利汽车,星越,2019款 350T 耀星者,吉利星越车机系统虚假销售不解决,"H155,H264,I295,L313,M279,O348,",2020-06-05,处理反馈
480814,广汽丰田,凯美瑞,2015款 2.0G 自动 领先版,广汽丰田凯美瑞前车轮防尘套漏油厂家未解决,"G51,I295,",2020-06-05,处理反馈
480813,一汽马自达,阿特兹,2020款 2.5L 蓝天尊崇版,一汽马自达阿特兹行驶过程中B柱有异响,"H15,",2020-06-05,用户评分
480811,奇瑞汽车,艾瑞泽5,2016款 1.5L CVT 领锐版,奇瑞艾瑞泽5车门和后备箱生锈严重,"H79,",2020-06-05,处理反馈
480810,吉利汽车,星越,2019款 改款 350T 耀星者,吉利星越车机卡顿版本与宣传不符,"H155,M279,Q350,",2020-06-05,处理反馈
480809,吉利汽车,远景X6,2016款 1.8L 手动 豪华型,吉利远景X6车灯内有污渍4S店不解决,"H82,",2020-06-05,处理反馈
480808,广汽本田,雅阁,2016款 2.4L CVT 智睿版,广汽本田雅阁发动机漏油希望尽快解决,"A12,",2020-06-05,处理反馈
480807,一汽吉林,森雅R9,2018款 1.2T 自动 旗舰智享型,一汽吉林森雅R9行驶过程中失去动力,"A255,H155,",2020-06-05,信息审核
480806,一汽马自达,阿特兹,2020款 2.0L 蓝天豪华版,一汽马自达阿特兹行驶中车内中控台异响,"H164,H93,I295,J298,",2020-06-05,处理反馈
480805,一汽-大众,速腾,2020款 200TSI 手动 舒适型 国VI,一汽大众速腾松离合转速高存在质量问题,"C16,",2020-06-05,处理反馈
480804,奥迪（进口）,奥迪Q7,2019款 45 TFSI S line运动型,奥迪Q7通电状态下喇叭持续发出电流声	,"H134,",2020-06-05,信息审核
480802,北京现代,领动,2016款 1.6L 自动 智炫·精英型,北京现代领动ABS和防侧滑故障灯同时亮	,"E62,H170,I295,I294,",2020-06-05,信息审核
480801,一汽-大众,高尔夫,2016款 1.4TSI 25周年纪念版,一汽大众高尔夫仪表提示变速箱挂入P挡,"B96,",2020-06-05,处理反馈
480799,吉利汽车,星越,2020款 350T 魅影骑士版AWD,吉利星越车机系统虚假宣传 卡顿严重,"H155,M279,",2020-06-05,用户评分
480798,北京现代,悦纳,2016款 1.4L 手动 炫酷版 GLS,北京现代悦纳发动机曲轴螺丝断裂,"A145,",2020-06-05,信息审核
480795,东风日产,逍客,2016款 2.0L CVT 精英版,东风日产逍客变速箱报故障码P17F1,"B84,",2020-06-05,处理反馈
